"annotation_id","annotator","created_at","id","img","kp-1","lead_time","updated_at"
140,"1","2025-04-13T11:07:15.177796Z",222,"/data/upload/5/4ebfbff7-image_0_D35.png","[{""x"":70.12081784386616,""y"":68.95910780669143,""width"":0.47573739295908657,""keypointlabels"":[""OTHER""],""original_width"":1024,""original_height"":512},{""x"":69.74907063197026,""y"":64.31226765799256,""width"":0.47573739295908657,""keypointlabels"":[""OTHER""],""original_width"":1024,""original_height"":512},{""x"":68.07620817843866,""y"":52.973977695167285,""width"":0.47573739295908657,""keypointlabels"":[""ADR""],""original_width"":1024,""original_height"":512},{""x"":65.8457249070632,""y"":56.13382899628252,""width"":0.47573739295908657,""keypointlabels"":[""ADR""],""original_width"":1024,""original_height"":512},{""x"":70.771375464684,""y"":55.94795539033457,""width"":0.47573739295908657,""keypointlabels"":[""ADR""],""original_width"":1024,""original_height"":512},{""x"":67.42565055762083,""y"":56.13382899628252,""width"":0.47573739295908657,""keypointlabels"":[""ADR""],""original_width"":1024,""original_height"":512},{""x"":65.3810408921933,""y"":65.05576208178438,""width"":0.47573739295908657,""keypointlabels"":[""ADR""],""original_width"":1024,""original_height"":512},{""x"":66.2174721189591,""y"":61.71003717472118,""width"":0.47573739295908657,""keypointlabels"":[""ADR""],""original_width"":1024,""original_height"":512},{""x"":67.33271375464683,""y"":64.31226765799256,""width"":0.47573739295908657,""keypointlabels"":[""ADR""],""original_width"":1024,""original_height"":512},{""x"":67.05390334572489,""y"":59.293680297397756,""width"":0.47573739295908657,""keypointlabels"":[""OTHER""],""original_width"":1024,""original_height"":512},{""x"":69.84200743494424,""y"":60.22304832713754,""width"":0.47573739295908657,""keypointlabels"":[""OTHER""],""original_width"":1024,""original_height"":512},{""x"":69.0985130111524,""y"":57.43494423791821,""width"":0.47573739295908657,""keypointlabels"":[""ADR""],""original_width"":1024,""original_height"":512},{""x"":69.74907063197026,""y"":53.90334572490706,""width"":0.47573739295908657,""keypointlabels"":[""OTHER""],""original_width"":1024,""original_height"":512}]",51.616,"2025-04-13T11:07:15.177831Z"
141,"1","2025-04-13T11:07:54.854020Z",223,"/data/upload/5/820f6673-image_1_D35.png","[{""x"":72.72304832713755,""y"":69.88847583643121,""width"":0.47573739295908657,""keypointlabels"":[""MES""],""original_width"":1024,""original_height"":512},{""x"":75.51115241635688,""y"":60.408921933085495,""width"":0.47573739295908657,""keypointlabels"":[""ADR""],""original_width"":1024,""original_height"":512},{""x"":75.04646840148698,""y"":55.762081784386616,""width"":0.47573739295908657,""keypointlabels"":[""ADR""],""original_width"":1024,""original_height"":512},{""x"":93.81970260223048,""y"":58.55018587360594,""width"":0.47573739295908657,""keypointlabels"":[""ADR""],""original_width"":1024,""original_height"":512},{""x"":96.79368029739776,""y"":58.36431226765799,""width"":0.47573739295908657,""keypointlabels"":[""ADR""],""original_width"":1024,""original_height"":512},{""x"":68.07620817843866,""y"":24.907063197026016,""width"":0.47573739295908657,""keypointlabels"":[""ADR""],""original_width"":1024,""original_height"":512},{""x"":71.2360594795539,""y"":26.394052044609666,""width"":0.47573739295908657,""keypointlabels"":[""ADR""],""original_width"":1024,""original_height"":512},{""x"":69.65613382899627,""y"":22.490706319702596,""width"":0.47573739295908657,""keypointlabels"":[""ADR""],""original_width"":1024,""original_height"":512},{""x"":71.60780669144981,""y"":21.93308550185873,""width"":0.47573739295908657,""keypointlabels"":[""OTHER""],""original_width"":1024,""original_height"":512},{""x"":68.44795539033457,""y"":17.472118959107803,""width"":0.47573739295908657,""keypointlabels"":[""ADR""],""original_width"":1024,""original_height"":512},{""x"":70.95724907063197,""y"":17.843866171003718,""width"":0.47573739295908657,""keypointlabels"":[""ADR""],""original_width"":1024,""original_height"":512}]",37.524,"2025-04-13T11:07:54.854060Z"
142,"1","2025-04-13T11:08:57.840316Z",224,"/data/upload/5/2490b996-image_2_D35.png","[{""x"":74.39591078066914,""y"":68.21561338289962,""width"":0.47573739295908657,""keypointlabels"":[""OTHER""],""original_width"":1024,""original_height"":512},{""x"":72.81598513011151,""y"":70.44609665427508,""width"":0.47573739295908657,""keypointlabels"":[""ADR""],""original_width"":1024,""original_height"":512},{""x"":70.771375464684,""y"":68.77323420074349,""width"":0.47573739295908657,""keypointlabels"":[""OTHER""],""original_width"":1024,""original_height"":512},{""x"":73.00185873605948,""y"":65.4275092936803,""width"":0.47573739295908657,""keypointlabels"":[""ADR""],""original_width"":1024,""original_height"":512},{""x"":73.74535315985129,""y"":62.82527881040891,""width"":0.47573739295908657,""keypointlabels"":[""ADR""],""original_width"":1024,""original_height"":512},{""x"":71.42193308550185,""y"":63.94052044609665,""width"":0.47573739295908657,""keypointlabels"":[""ADR""],""original_width"":1024,""original_height"":512},{""x"":71.79368029739776,""y"":60.03717472118959,""width"":0.47573739295908657,""keypointlabels"":[""ADR""],""original_width"":1024,""original_height"":512},{""x"":69.19144981412639,""y"":55.20446096654275,""width"":0.47573739295908657,""keypointlabels"":[""OTHER""],""original_width"":1024,""original_height"":512},{""x"":67.23977695167285,""y"":76.76579925650556,""width"":0.47573739295908657,""keypointlabels"":[""ADR""],""original_width"":1024,""original_height"":512},{""x"":67.61152416356877,""y"":71.56133828996282,""width"":0.47573739295908657,""keypointlabels"":[""ADR""],""original_width"":1024,""original_height"":512},{""x"":68.44795539033457,""y"":68.21561338289962,""width"":0.47573739295908657,""keypointlabels"":[""ADR""],""original_width"":1024,""original_height"":512},{""x"":65.19516728624535,""y"":64.68401486988846,""width"":0.47573739295908657,""keypointlabels"":[""ADR""],""original_width"":1024,""original_height"":512},{""x"":66.77509293680298,""y"":65.4275092936803,""width"":0.47573739295908657,""keypointlabels"":[""ADR""],""original_width"":1024,""original_height"":512},{""x"":67.14684014869889,""y"":60.22304832713754,""width"":0.47573739295908657,""keypointlabels"":[""ADR""],""original_width"":1024,""original_height"":512},{""x"":66.2174721189591,""y"":57.43494423791821,""width"":0.47573739295908657,""keypointlabels"":[""ADR""],""original_width"":1024,""original_height"":512},{""x"":66.40334572490706,""y"":53.15985130111523,""width"":0.47573739295908657,""keypointlabels"":[""ADR""],""original_width"":1024,""original_height"":512},{""x"":67.51858736059478,""y"":50.55762081784386,""width"":0.47573739295908657,""keypointlabels"":[""ADR""],""original_width"":1024,""original_height"":512},{""x"":65.7527881040892,""y"":50.18587360594795,""width"":0.47573739295908657,""keypointlabels"":[""ADR""],""original_width"":1024,""original_height"":512},{""x"":64.35873605947955,""y"":49.07063197026022,""width"":0.47573739295908657,""keypointlabels"":[""ADR""],""original_width"":1024,""original_height"":512},{""x"":64.35873605947955,""y"":51.30111524163568,""width"":0.47573739295908657,""keypointlabels"":[""ADR""],""original_width"":1024,""original_height"":512},{""x"":63.98698884758364,""y"":55.20446096654275,""width"":0.47573739295908657,""keypointlabels"":[""ADR""],""original_width"":1024,""original_height"":512},{""x"":62.221189591078065,""y"":54.27509293680297,""width"":0.47573739295908657,""keypointlabels"":[""ADR""],""original_width"":1024,""original_height"":512},{""x"":61.570631970260216,""y"":57.99256505576207,""width"":0.47573739295908657,""keypointlabels"":[""ADR""],""original_width"":1024,""original_height"":512},{""x"":64.45167286245352,""y"":58.17843866171003,""width"":0.47573739295908657,""keypointlabels"":[""ADR""],""original_width"":1024,""original_height"":512},{""x"":63.615241635687724,""y"":61.152416356877325,""width"":0.47573739295908657,""keypointlabels"":[""ADR""],""original_width"":1024,""original_height"":512},{""x"":61.570631970260216,""y"":61.524163568773226,""width"":0.47573739295908657,""keypointlabels"":[""ADR""],""original_width"":1024,""original_height"":512},{""x"":63.3364312267658,""y"":64.1263940520446,""width"":0.47573739295908657,""keypointlabels"":[""ADR""],""original_width"":1024,""original_height"":512},{""x"":61.013011152416354,""y"":66.54275092936801,""width"":0.47573739295908657,""keypointlabels"":[""ADR""],""original_width"":1024,""original_height"":512},{""x"":59.61895910780669,""y"":70.07434944237917,""width"":0.47573739295908657,""keypointlabels"":[""ADR""],""original_width"":1024,""original_height"":512},{""x"":58.59665427509294,""y"":67.4721189591078,""width"":0.47573739295908657,""keypointlabels"":[""ADR""],""original_width"":1024,""original_height"":512},{""x"":59.89776951672863,""y"":62.639405204460964,""width"":0.47573739295908657,""keypointlabels"":[""ADR""],""original_width"":1024,""original_height"":512},{""x"":58.224907063197016,""y"":62.82527881040891,""width"":0.47573739295908657,""keypointlabels"":[""ADR""],""original_width"":1024,""original_height"":512},{""x"":58.875464684014865,""y"":58.921933085501855,""width"":0.47573739295908657,""keypointlabels"":[""OTHER""],""original_width"":1024,""original_height"":512},{""x"":62.31412639405204,""y"":69.33085501858734,""width"":0.47573739295908657,""keypointlabels"":[""OTHER""],""original_width"":1024,""original_height"":512},{""x"":64.35873605947955,""y"":69.5167286245353,""width"":0.47573739295908657,""keypointlabels"":[""OTHER""],""original_width"":1024,""original_height"":512},{""x"":66.40334572490706,""y"":68.77323420074349,""width"":0.47573739295908657,""keypointlabels"":[""OTHER""],""original_width"":1024,""original_height"":512},{""x"":69.0985130111524,""y"":65.05576208178438,""width"":0.47573739295908657,""keypointlabels"":[""OTHER""],""original_width"":1024,""original_height"":512},{""x"":69.47026022304831,""y"":61.33828996282528,""width"":0.47573739295908657,""keypointlabels"":[""OTHER""],""original_width"":1024,""original_height"":512},{""x"":62.03531598513011,""y"":50.18587360594795,""width"":0.47573739295908657,""keypointlabels"":[""OTHER""],""original_width"":1024,""original_height"":512},{""x"":60.08364312267658,""y"":52.0446096654275,""width"":0.47573739295908657,""keypointlabels"":[""OTHER""],""original_width"":1024,""original_height"":512},{""x"":58.689591078066904,""y"":53.90334572490706,""width"":0.47573739295908657,""keypointlabels"":[""OTHER""],""original_width"":1024,""original_height"":512}]",61.228,"2025-04-13T11:08:57.840350Z"
143,"1","2025-04-13T11:09:41.907947Z",225,"/data/upload/5/f5a4d2aa-image_3_D35.png","[{""x"":90.19516728624535,""y"":38.47583643122676,""width"":0.47573739295908657,""keypointlabels"":[""MES""],""original_width"":1024,""original_height"":512},{""x"":53.299256505576196,""y"":75.83643122676578,""width"":0.47573739295908657,""keypointlabels"":[""OTHER""],""original_width"":1024,""original_height"":512},{""x"":57.76022304832714,""y"":67.28624535315984,""width"":0.47573739295908657,""keypointlabels"":[""OTHER""],""original_width"":1024,""original_height"":512},{""x"":58.317843866171,""y"":72.67657992565056,""width"":0.47573739295908657,""keypointlabels"":[""OTHER""],""original_width"":1024,""original_height"":512},{""x"":55.436802973977684,""y"":71.74721189591077,""width"":0.47573739295908657,""keypointlabels"":[""OTHER""],""original_width"":1024,""original_height"":512},{""x"":53.57806691449814,""y"":71.93308550185871,""width"":0.47573739295908657,""keypointlabels"":[""ADR""],""original_width"":1024,""original_height"":512},{""x"":59.99070631970259,""y"":67.10037174721188,""width"":0.47573739295908657,""keypointlabels"":[""ADR""],""original_width"":1024,""original_height"":512},{""x"":60.26951672862453,""y"":72.67657992565056,""width"":0.47573739295908657,""keypointlabels"":[""ADR""],""original_width"":1024,""original_height"":512},{""x"":60.92007434944237,""y"":77.69516728624535,""width"":0.47573739295908657,""keypointlabels"":[""OTHER""],""original_width"":1024,""original_height"":512},{""x"":59.89776951672863,""y"":85.87360594795538,""width"":0.47573739295908657,""keypointlabels"":[""OTHER""],""original_width"":1024,""original_height"":512},{""x"":57.85315985130111,""y"":79.92565055762081,""width"":0.47573739295908657,""keypointlabels"":[""OTHER""],""original_width"":1024,""original_height"":512},{""x"":56.18029739776952,""y"":77.13754646840147,""width"":0.47573739295908657,""keypointlabels"":[""OTHER""],""original_width"":1024,""original_height"":512},{""x"":54.60037174721188,""y"":82.89962825278809,""width"":0.47573739295908657,""keypointlabels"":[""ADR""],""original_width"":1024,""original_height"":512},{""x"":56.27323420074348,""y"":88.2899628252788,""width"":0.47573739295908657,""keypointlabels"":[""OTHER""],""original_width"":1024,""original_height"":512},{""x"":56.45910780669144,""y"":84.5724907063197,""width"":0.47573739295908657,""keypointlabels"":[""ADR""],""original_width"":1024,""original_height"":512},{""x"":56.087360594795534,""y"":81.2267657992565,""width"":0.47573739295908657,""keypointlabels"":[""ADR""],""original_width"":1024,""original_height"":512},{""x"":54.60037174721188,""y"":78.81040892193307,""width"":0.47573739295908657,""keypointlabels"":[""ADR""],""original_width"":1024,""original_height"":512},{""x"":58.13197026022304,""y"":83.271375464684,""width"":0.47573739295908657,""keypointlabels"":[""ADR""],""original_width"":1024,""original_height"":512},{""x"":59.99070631970259,""y"":81.41263940520444,""width"":0.47573739295908657,""keypointlabels"":[""OTHER""],""original_width"":1024,""original_height"":512}]",40.579,"2025-04-13T11:09:41.907981Z"
144,"1","2025-04-13T11:10:58.987103Z",226,"/data/upload/5/14cd84f0-image_4_D35.png","[{""x"":65.17602283539486,""y"":73.26355851569933,""width"":0.47573739295908657,""keypointlabels"":[""MES""],""original_width"":1024,""original_height"":512},{""x"":76.97431018078021,""y"":49.28639391056137,""width"":0.47573739295908657,""keypointlabels"":[""MES""],""original_width"":1024,""original_height"":512},{""x"":65.27117031398669,""y"":44.14843006660323,""width"":0.47573739295908657,""keypointlabels"":[""MES""],""original_width"":1024,""original_height"":512},{""x"":85.91817316841104,""y"":62.60704091341579,""width"":0.47573739295908657,""keypointlabels"":[""MES""],""original_width"":1024,""original_height"":512},{""x"":70.50428163653663,""y"":46.43196955280685,""width"":0.47573739295908657,""keypointlabels"":[""OTHER""],""original_width"":1024,""original_height"":512},{""x"":64.03425309229306,""y"":77.25975261655566,""width"":0.47573739295908657,""keypointlabels"":[""ADR""],""original_width"":1024,""original_height"":512},{""x"":62.89248334919124,""y"":80.68506184586109,""width"":0.47573739295908657,""keypointlabels"":[""OTHER""],""original_width"":1024,""original_height"":512},{""x"":76.78401522359658,""y"":58.03996194100856,""width"":0.47573739295908657,""keypointlabels"":[""ADR""],""original_width"":1024,""original_height"":512},{""x"":77.4500475737393,""y"":54.424357754519505,""width"":0.47573739295908657,""keypointlabels"":[""ADR""],""original_width"":1024,""original_height"":512},{""x"":70.59942911512846,""y"":51.18934348239772,""width"":0.47573739295908657,""keypointlabels"":[""ADR""],""original_width"":1024,""original_height"":512},{""x"":72.78782112274025,""y"":41.864890580399624,""width"":0.47573739295908657,""keypointlabels"":[""ADR""],""original_width"":1024,""original_height"":512},{""x"":70.50428163653663,""y"":41.864890580399624,""width"":0.47573739295908657,""keypointlabels"":[""ADR""],""original_width"":1024,""original_height"":512},{""x"":70.02854424357756,""y"":37.86869647954329,""width"":0.47573739295908657,""keypointlabels"":[""ADR""],""original_width"":1024,""original_height"":512},{""x"":73.16841103710752,""y"":21.122740247383444,""width"":0.47573739295908657,""keypointlabels"":[""ADR""],""original_width"":1024,""original_height"":512},{""x"":72.40723120837298,""y"":16.74595623215985,""width"":0.47573739295908657,""keypointlabels"":[""ADR""],""original_width"":1024,""original_height"":512},{""x"":74.02473834443387,""y"":14.843006660323502,""width"":0.47573739295908657,""keypointlabels"":[""ADR""],""original_width"":1024,""original_height"":512},{""x"":74.21503330161751,""y"":10.275927687916269,""width"":0.47573739295908657,""keypointlabels"":[""ADR""],""original_width"":1024,""original_height"":512}]",63.301,"2025-04-13T11:10:58.987137Z"
145,"1","2025-04-13T11:11:50.950883Z",227,"/data/upload/5/10701c22-image_5_D35.png","[{""x"":73.93122676579925,""y"":59.665427509293664,""width"":0.47573739295908657,""keypointlabels"":[""MES""],""original_width"":1024,""original_height"":512},{""x"":69.9349442379182,""y"":37.91821561338289,""width"":0.47573739295908657,""keypointlabels"":[""ADR""],""original_width"":1024,""original_height"":512},{""x"":67.79739776951672,""y"":54.27509293680297,""width"":0.47573739295908657,""keypointlabels"":[""ADR""],""original_width"":1024,""original_height"":512},{""x"":70.49256505576207,""y"":56.50557620817843,""width"":0.47573739295908657,""keypointlabels"":[""ADR""],""original_width"":1024,""original_height"":512},{""x"":77.36988847583642,""y"":57.99256505576207,""width"":0.47573739295908657,""keypointlabels"":[""OTHER""],""original_width"":1024,""original_height"":512},{""x"":73.93122676579925,""y"":67.10037174721188,""width"":0.47573739295908657,""keypointlabels"":[""OTHER""],""original_width"":1024,""original_height"":512},{""x"":81.18029739776952,""y"":86.9888475836431,""width"":0.47573739295908657,""keypointlabels"":[""OTHER""],""original_width"":1024,""original_height"":512}]",47.82,"2025-04-13T11:11:50.950920Z"
146,"1","2025-04-13T11:12:27.935446Z",228,"/data/upload/5/32aa13ba-image_6_D35.png","[{""x"":77.09107806691449,""y"":72.4907063197026,""width"":0.47573739295908657,""keypointlabels"":[""MES""],""original_width"":1024,""original_height"":512},{""x"":76.71933085501857,""y"":4.4609665427509295,""width"":0.47573739295908657,""keypointlabels"":[""OTHER""],""original_width"":1024,""original_height"":512},{""x"":76.53345724907062,""y"":8.736059479553901,""width"":0.47573739295908657,""keypointlabels"":[""OTHER""],""original_width"":1024,""original_height"":512},{""x"":78.7639405204461,""y"":12.453531598513008,""width"":0.47573739295908657,""keypointlabels"":[""OTHER""],""original_width"":1024,""original_height"":512},{""x"":74.58178438661709,""y"":11.524163568773231,""width"":0.47573739295908657,""keypointlabels"":[""OTHER""],""original_width"":1024,""original_height"":512},{""x"":72.16542750929366,""y"":15.055762081784382,""width"":0.47573739295908657,""keypointlabels"":[""OTHER""],""original_width"":1024,""original_height"":512},{""x"":75.7899628252788,""y"":18.587360594795534,""width"":0.47573739295908657,""keypointlabels"":[""OTHER""],""original_width"":1024,""original_height"":512},{""x"":77.74163568773234,""y"":16.356877323420072,""width"":0.47573739295908657,""keypointlabels"":[""OTHER""],""original_width"":1024,""original_height"":512},{""x"":74.86059479553903,""y"":57.99256505576207,""width"":0.47573739295908657,""keypointlabels"":[""OTHER""],""original_width"":1024,""original_height"":512},{""x"":79.60037174721188,""y"":81.97026022304831,""width"":0.47573739295908657,""keypointlabels"":[""OTHER""],""original_width"":1024,""original_height"":512},{""x"":79.41449814126393,""y"":78.2527881040892,""width"":0.47573739295908657,""keypointlabels"":[""ADR""],""original_width"":1024,""original_height"":512},{""x"":79.41449814126393,""y"":76.39405204460967,""width"":0.47573739295908657,""keypointlabels"":[""ADR""],""original_width"":1024,""original_height"":512},{""x"":80.71561338289962,""y"":73.42007434944236,""width"":0.47573739295908657,""keypointlabels"":[""ADR""],""original_width"":1024,""original_height"":512},{""x"":80.99442379182155,""y"":66.72862453531599,""width"":0.47573739295908657,""keypointlabels"":[""ADR""],""original_width"":1024,""original_height"":512},{""x"":81.73791821561338,""y"":70.817843866171,""width"":0.47573739295908657,""keypointlabels"":[""ADR""],""original_width"":1024,""original_height"":512},{""x"":82.29553903345723,""y"":75.27881040892193,""width"":0.47573739295908657,""keypointlabels"":[""ADR""],""original_width"":1024,""original_height"":512}]",33.986,"2025-04-13T11:12:27.935481Z"
147,"1","2025-04-13T11:13:21.855270Z",229,"/data/upload/5/0681f689-image_7_D35.png","[{""x"":88.80111524163567,""y"":65.24163568773233,""width"":0.47573739295908657,""keypointlabels"":[""MES""],""original_width"":1024,""original_height"":512},{""x"":72.63011152416355,""y"":60.408921933085495,""width"":0.47573739295908657,""keypointlabels"":[""MES""],""original_width"":1024,""original_height"":512},{""x"":61.013011152416354,""y"":4.4609665427509295,""width"":0.47573739295908657,""keypointlabels"":[""ADR""],""original_width"":1024,""original_height"":512},{""x"":69.19144981412639,""y"":37.36059479553903,""width"":0.47573739295908657,""keypointlabels"":[""OTHER""],""original_width"":1024,""original_height"":512},{""x"":72.53717472118959,""y"":35.687732342007436,""width"":0.47573739295908657,""keypointlabels"":[""ADR""],""original_width"":1024,""original_height"":512},{""x"":63.98698884758364,""y"":36.98884758364312,""width"":0.47573739295908657,""keypointlabels"":[""ADR""],""original_width"":1024,""original_height"":512},{""x"":63.98698884758364,""y"":39.776951672862445,""width"":0.47573739295908657,""keypointlabels"":[""ADR""],""original_width"":1024,""original_height"":512},{""x"":63.150557620817835,""y"":42.75092936802973,""width"":0.47573739295908657,""keypointlabels"":[""ADR""],""original_width"":1024,""original_height"":512},{""x"":61.66356877323419,""y"":45.91078066914498,""width"":0.47573739295908657,""keypointlabels"":[""ADR""],""original_width"":1024,""original_height"":512},{""x"":64.35873605947955,""y"":47.76951672862453,""width"":0.47573739295908657,""keypointlabels"":[""ADR""],""original_width"":1024,""original_height"":512},{""x"":66.03159851301115,""y"":45.353159851301115,""width"":0.47573739295908657,""keypointlabels"":[""ADR""],""original_width"":1024,""original_height"":512},{""x"":66.2174721189591,""y"":49.25650557620818,""width"":0.47573739295908657,""keypointlabels"":[""ADR""],""original_width"":1024,""original_height"":512},{""x"":63.3364312267658,""y"":52.973977695167285,""width"":0.47573739295908657,""keypointlabels"":[""ADR""],""original_width"":1024,""original_height"":512},{""x"":64.82342007434944,""y"":58.7360594795539,""width"":0.47573739295908657,""keypointlabels"":[""ADR""],""original_width"":1024,""original_height"":512},{""x"":67.79739776951672,""y"":56.69144981412638,""width"":0.47573739295908657,""keypointlabels"":[""OTHER""],""original_width"":1024,""original_height"":512},{""x"":70.3996282527881,""y"":58.921933085501855,""width"":0.47573739295908657,""keypointlabels"":[""ADR""],""original_width"":1024,""original_height"":512},{""x"":69.65613382899627,""y"":55.018587360594786,""width"":0.47573739295908657,""keypointlabels"":[""ADR""],""original_width"":1024,""original_height"":512},{""x"":71.14312267657992,""y"":52.41635687732341,""width"":0.47573739295908657,""keypointlabels"":[""ADR""],""original_width"":1024,""original_height"":512},{""x"":68.26208178438662,""y"":50.743494423791816,""width"":0.47573739295908657,""keypointlabels"":[""ADR""],""original_width"":1024,""original_height"":512},{""x"":70.21375464684014,""y"":46.282527881040885,""width"":0.47573739295908657,""keypointlabels"":[""ADR""],""original_width"":1024,""original_height"":512},{""x"":70.58550185873605,""y"":43.86617100371747,""width"":0.47573739295908657,""keypointlabels"":[""ADR""],""original_width"":1024,""original_height"":512},{""x"":72.0724907063197,""y"":41.26394052044609,""width"":0.47573739295908657,""keypointlabels"":[""ADR""],""original_width"":1024,""original_height"":512},{""x"":71.79368029739776,""y"":45.72490706319702,""width"":0.47573739295908657,""keypointlabels"":[""OTHER""],""original_width"":1024,""original_height"":512},{""x"":75.32527881040892,""y"":44.9814126394052,""width"":0.47573739295908657,""keypointlabels"":[""OTHER""],""original_width"":1024,""original_height"":512},{""x"":74.21003717472118,""y"":41.26394052044609,""width"":0.47573739295908657,""keypointlabels"":[""ADR""],""original_width"":1024,""original_height"":512},{""x"":76.34758364312268,""y"":42.19330855018587,""width"":0.47573739295908657,""keypointlabels"":[""ADR""],""original_width"":1024,""original_height"":512},{""x"":90.93866171003717,""y"":66.1710037174721,""width"":0.47573739295908657,""keypointlabels"":[""ADR""],""original_width"":1024,""original_height"":512},{""x"":90.19516728624535,""y"":75.09293680297398,""width"":0.47573739295908657,""keypointlabels"":[""ADR""],""original_width"":1024,""original_height"":512}]",52.249,"2025-04-13T11:13:21.855305Z"
148,"1","2025-04-13T11:13:52.692990Z",230,"/data/upload/5/ffb5b219-image_8_D35.png","[{""x"":71.42193308550185,""y"":35.501858736059475,""width"":0.47573739295908657,""keypointlabels"":[""MES""],""original_width"":1024,""original_height"":512},{""x"":75.69702602230483,""y"":30.66914498141264,""width"":0.47573739295908657,""keypointlabels"":[""MES""],""original_width"":1024,""original_height"":512},{""x"":61.10594795539033,""y"":68.02973977695167,""width"":0.47573739295908657,""keypointlabels"":[""ADR""],""original_width"":1024,""original_height"":512},{""x"":63.70817843866171,""y"":66.1710037174721,""width"":0.47573739295908657,""keypointlabels"":[""OTHER""],""original_width"":1024,""original_height"":512},{""x"":61.570631970260216,""y"":63.01115241635687,""width"":0.47573739295908657,""keypointlabels"":[""OTHER""],""original_width"":1024,""original_height"":512},{""x"":83.13197026022303,""y"":65.7992565055762,""width"":0.47573739295908657,""keypointlabels"":[""OTHER""],""original_width"":1024,""original_height"":512},{""x"":90.65985130111522,""y"":64.49814126394051,""width"":0.47573739295908657,""keypointlabels"":[""ADR""],""original_width"":1024,""original_height"":512},{""x"":88.98698884758363,""y"":64.1263940520446,""width"":0.47573739295908657,""keypointlabels"":[""ADR""],""original_width"":1024,""original_height"":512},{""x"":90.10223048327136,""y"":67.28624535315984,""width"":0.47573739295908657,""keypointlabels"":[""ADR""],""original_width"":1024,""original_height"":512},{""x"":86.1988847583643,""y"":67.10037174721188,""width"":0.47573739295908657,""keypointlabels"":[""ADR""],""original_width"":1024,""original_height"":512},{""x"":85.26951672862452,""y"":71.56133828996282,""width"":0.47573739295908657,""keypointlabels"":[""ADR""],""original_width"":1024,""original_height"":512},{""x"":83.96840148698884,""y"":71.56133828996282,""width"":0.47573739295908657,""keypointlabels"":[""ADR""],""original_width"":1024,""original_height"":512},{""x"":81.36617100371747,""y"":73.42007434944236,""width"":0.47573739295908657,""keypointlabels"":[""OTHER""],""original_width"":1024,""original_height"":512},{""x"":79.87918215613382,""y"":77.8810408921933,""width"":0.47573739295908657,""keypointlabels"":[""ADR""],""original_width"":1024,""original_height"":512},{""x"":82.38847583643121,""y"":78.06691449814126,""width"":0.47573739295908657,""keypointlabels"":[""ADR""],""original_width"":1024,""original_height"":512},{""x"":85.08364312267656,""y"":77.32342007434943,""width"":0.47573739295908657,""keypointlabels"":[""ADR""],""original_width"":1024,""original_height"":512},{""x"":86.01301115241635,""y"":78.81040892193307,""width"":0.47573739295908657,""keypointlabels"":[""ADR""],""original_width"":1024,""original_height"":512},{""x"":84.52602230483271,""y"":81.04089219330855,""width"":0.47573739295908657,""keypointlabels"":[""ADR""],""original_width"":1024,""original_height"":512},{""x"":87.12825278810408,""y"":74.5353159851301,""width"":0.47573739295908657,""keypointlabels"":[""OTHER""],""original_width"":1024,""original_height"":512},{""x"":88.42936802973978,""y"":70.63197026022303,""width"":0.47573739295908657,""keypointlabels"":[""OTHER""],""original_width"":1024,""original_height"":512},{""x"":90.93866171003717,""y"":72.8624535315985,""width"":0.47573739295908657,""keypointlabels"":[""OTHER""],""original_width"":1024,""original_height"":512},{""x"":89.07992565055761,""y"":74.16356877323419,""width"":0.47573739295908657,""keypointlabels"":[""OTHER""],""original_width"":1024,""original_height"":512}]",28.894,"2025-04-13T11:13:52.693031Z"
149,"1","2025-04-13T11:14:19.730675Z",231,"/data/upload/5/8266d363-image_9_D35.png","[{""x"":82.0167286245353,""y"":66.1710037174721,""width"":0.47573739295908657,""keypointlabels"":[""MES""],""original_width"":1024,""original_height"":512},{""x"":81.18029739776952,""y"":48.14126394052044,""width"":0.47573739295908657,""keypointlabels"":[""OTHER""],""original_width"":1024,""original_height"":512},{""x"":80.62267657992564,""y"":44.42379182156134,""width"":0.47573739295908657,""keypointlabels"":[""OTHER""],""original_width"":1024,""original_height"":512},{""x"":83.78252788104088,""y"":39.21933085501858,""width"":0.47573739295908657,""keypointlabels"":[""OTHER""],""original_width"":1024,""original_height"":512},{""x"":84.80483271375464,""y"":66.72862453531599,""width"":0.47573739295908657,""keypointlabels"":[""OTHER""],""original_width"":1024,""original_height"":512},{""x"":86.84944237918214,""y"":63.01115241635687,""width"":0.47573739295908657,""keypointlabels"":[""ADR""],""original_width"":1024,""original_height"":512},{""x"":85.45539033457248,""y"":56.31970260223048,""width"":0.47573739295908657,""keypointlabels"":[""ADR""],""original_width"":1024,""original_height"":512},{""x"":84.15427509293679,""y"":53.53159851301115,""width"":0.47573739295908657,""keypointlabels"":[""ADR""],""original_width"":1024,""original_height"":512},{""x"":83.22490706319702,""y"":60.7806691449814,""width"":0.47573739295908657,""keypointlabels"":[""ADR""],""original_width"":1024,""original_height"":512},{""x"":81.83085501858734,""y"":62.453531598513,""width"":0.47573739295908657,""keypointlabels"":[""ADR""],""original_width"":1024,""original_height"":512},{""x"":80.15799256505575,""y"":60.96654275092936,""width"":0.47573739295908657,""keypointlabels"":[""ADR""],""original_width"":1024,""original_height"":512},{""x"":80.52973977695167,""y"":56.13382899628252,""width"":0.47573739295908657,""keypointlabels"":[""OTHER""],""original_width"":1024,""original_height"":512},{""x"":79.22862453531599,""y"":54.27509293680297,""width"":0.47573739295908657,""keypointlabels"":[""ADR""],""original_width"":1024,""original_height"":512},{""x"":77.55576208178438,""y"":51.30111524163568,""width"":0.47573739295908657,""keypointlabels"":[""ADR""],""original_width"":1024,""original_height"":512}]",25.144,"2025-04-13T11:14:19.730708Z"
150,"1","2025-04-13T11:14:57.664988Z",232,"/data/upload/5/73f9d171-image_10_D35.png","[{""x"":70.58550185873605,""y"":57.249070631970255,""width"":0.47573739295908657,""keypointlabels"":[""OTHER""],""original_width"":1024,""original_height"":512},{""x"":72.16542750929366,""y"":58.36431226765799,""width"":0.47573739295908657,""keypointlabels"":[""OTHER""],""original_width"":1024,""original_height"":512},{""x"":75.32527881040892,""y"":56.31970260223048,""width"":0.47573739295908657,""keypointlabels"":[""OTHER""],""original_width"":1024,""original_height"":512},{""x"":62.12825278810408,""y"":43.122676579925646,""width"":0.47573739295908657,""keypointlabels"":[""ADR""],""original_width"":1024,""original_height"":512},{""x"":63.70817843866171,""y"":49.628252788104085,""width"":0.47573739295908657,""keypointlabels"":[""ADR""],""original_width"":1024,""original_height"":512},{""x"":65.28810408921932,""y"":55.57620817843865,""width"":0.47573739295908657,""keypointlabels"":[""ADR""],""original_width"":1024,""original_height"":512},{""x"":69.28438661710037,""y"":52.788104089219324,""width"":0.47573739295908657,""keypointlabels"":[""ADR""],""original_width"":1024,""original_height"":512},{""x"":68.44795539033457,""y"":46.282527881040885,""width"":0.47573739295908657,""keypointlabels"":[""ADR""],""original_width"":1024,""original_height"":512},{""x"":67.05390334572489,""y"":47.397769516728616,""width"":0.47573739295908657,""keypointlabels"":[""ADR""],""original_width"":1024,""original_height"":512},{""x"":71.42193308550185,""y"":50.92936802973978,""width"":0.47573739295908657,""keypointlabels"":[""OTHER""],""original_width"":1024,""original_height"":512},{""x"":73.18773234200742,""y"":52.788104089219324,""width"":0.47573739295908657,""keypointlabels"":[""OTHER""],""original_width"":1024,""original_height"":512},{""x"":74.1171003717472,""y"":65.98513011152416,""width"":0.47573739295908657,""keypointlabels"":[""OTHER""],""original_width"":1024,""original_height"":512},{""x"":76.2546468401487,""y"":66.1710037174721,""width"":0.47573739295908657,""keypointlabels"":[""ADR""],""original_width"":1024,""original_height"":512},{""x"":78.2992565055762,""y"":48.32713754646839,""width"":0.47573739295908657,""keypointlabels"":[""MES""],""original_width"":1024,""original_height"":512}]",35.172,"2025-04-13T11:14:57.665020Z"
151,"1","2025-04-13T11:15:07.782880Z",233,"/data/upload/5/aa5d36da-image_11_D35.png","[{""x"":66.86802973977694,""y"":54.460966542750924,""width"":0.47573739295908657,""keypointlabels"":[""OTHER""],""original_width"":1024,""original_height"":512},{""x"":67.05390334572489,""y"":57.43494423791821,""width"":0.47573739295908657,""keypointlabels"":[""OTHER""],""original_width"":1024,""original_height"":512},{""x"":69.0985130111524,""y"":53.15985130111523,""width"":0.47573739295908657,""keypointlabels"":[""OTHER""],""original_width"":1024,""original_height"":512},{""x"":69.65613382899627,""y"":50.92936802973978,""width"":0.47573739295908657,""keypointlabels"":[""OTHER""],""original_width"":1024,""original_height"":512},{""x"":71.05018587360594,""y"":52.788104089219324,""width"":0.47573739295908657,""keypointlabels"":[""OTHER""],""original_width"":1024,""original_height"":512}]",8.288,"2025-04-13T11:15:07.782913Z"
152,"1","2025-04-13T11:15:26.408169Z",234,"/data/upload/5/71a51479-image_12_D35.png","[{""x"":29.786245353159845,""y"":40.334572490706314,""width"":0.47573739295908657,""keypointlabels"":[""MES""],""original_width"":1024,""original_height"":512},{""x"":77.55576208178438,""y"":71.00371747211895,""width"":0.47573739295908657,""keypointlabels"":[""OTHER""],""original_width"":1024,""original_height"":512},{""x"":79.69330855018586,""y"":66.1710037174721,""width"":0.47573739295908657,""keypointlabels"":[""ADR""],""original_width"":1024,""original_height"":512},{""x"":79.41449814126393,""y"":58.7360594795539,""width"":0.47573739295908657,""keypointlabels"":[""ADR""],""original_width"":1024,""original_height"":512},{""x"":79.60037174721188,""y"":62.82527881040891,""width"":0.47573739295908657,""keypointlabels"":[""ADR""],""original_width"":1024,""original_height"":512}]",17.165,"2025-04-13T11:15:26.408202Z"
153,"1","2025-04-13T11:15:56.144612Z",235,"/data/upload/5/93146991-image_13_D35.png","[{""x"":83.87546468401487,""y"":53.90334572490706,""width"":0.47573739295908657,""keypointlabels"":[""OTHER""],""original_width"":1024,""original_height"":512},{""x"":82.10966542750928,""y"":50.92936802973978,""width"":0.47573739295908657,""keypointlabels"":[""OTHER""],""original_width"":1024,""original_height"":512},{""x"":83.22490706319702,""y"":43.122676579925646,""width"":0.47573739295908657,""keypointlabels"":[""ADR""],""original_width"":1024,""original_height"":512},{""x"":84.61895910780669,""y"":46.46840148698884,""width"":0.47573739295908657,""keypointlabels"":[""ADR""],""original_width"":1024,""original_height"":512},{""x"":81.45910780669143,""y"":44.9814126394052,""width"":0.47573739295908657,""keypointlabels"":[""ADR""],""original_width"":1024,""original_height"":512},{""x"":82.29553903345723,""y"":46.6542750929368,""width"":0.47573739295908657,""keypointlabels"":[""OTHER""],""original_width"":1024,""original_height"":512},{""x"":90.93866171003717,""y"":67.4721189591078,""width"":0.47573739295908657,""keypointlabels"":[""OTHER""],""original_width"":1024,""original_height"":512},{""x"":96.05018587360593,""y"":89.77695167286244,""width"":0.47573739295908657,""keypointlabels"":[""OTHER""],""original_width"":1024,""original_height"":512}]",28.112,"2025-04-13T11:15:56.144644Z"
154,"1","2025-04-13T11:16:18.413440Z",236,"/data/upload/5/421d8fd9-image_14_D35.png","[{""x"":71.88661710037174,""y"":50.743494423791816,""width"":0.47573739295908657,""keypointlabels"":[""MES""],""original_width"":1024,""original_height"":512},{""x"":73.18773234200742,""y"":56.69144981412638,""width"":0.47573739295908657,""keypointlabels"":[""OTHER""],""original_width"":1024,""original_height"":512},{""x"":50.97583643122676,""y"":15.799256505576206,""width"":0.47573739295908657,""keypointlabels"":[""OTHER""],""original_width"":1024,""original_height"":512},{""x"":75.7899628252788,""y"":46.6542750929368,""width"":0.47573739295908657,""keypointlabels"":[""OTHER""],""original_width"":1024,""original_height"":512},{""x"":74.48884758364312,""y"":46.6542750929368,""width"":0.47573739295908657,""keypointlabels"":[""OTHER""],""original_width"":1024,""original_height"":512},{""x"":76.34758364312268,""y"":43.680297397769515,""width"":0.47573739295908657,""keypointlabels"":[""OTHER""],""original_width"":1024,""original_height"":512},{""x"":77.74163568773234,""y"":39.776951672862445,""width"":0.47573739295908657,""keypointlabels"":[""OTHER""],""original_width"":1024,""original_height"":512},{""x"":79.9721189591078,""y"":36.43122676579925,""width"":0.47573739295908657,""keypointlabels"":[""ADR""],""original_width"":1024,""original_height"":512},{""x"":82.10966542750928,""y"":35.13011152416357,""width"":0.47573739295908657,""keypointlabels"":[""OTHER""],""original_width"":1024,""original_height"":512}]",20.32,"2025-04-13T11:16:18.413472Z"
155,"1","2025-04-13T11:16:47.725129Z",237,"/data/upload/5/1de4f30b-image_15_D35.png","[{""x"":65.19516728624535,""y"":70.07434944237917,""width"":0.47573739295908657,""keypointlabels"":[""MES""],""original_width"":1024,""original_height"":512},{""x"":66.40334572490706,""y"":74.34944237918214,""width"":0.47573739295908657,""keypointlabels"":[""OTHER""],""original_width"":1024,""original_height"":512},{""x"":67.42565055762083,""y"":70.07434944237917,""width"":0.47573739295908657,""keypointlabels"":[""OTHER""],""original_width"":1024,""original_height"":512},{""x"":69.19144981412639,""y"":68.02973977695167,""width"":0.47573739295908657,""keypointlabels"":[""OTHER""],""original_width"":1024,""original_height"":512},{""x"":71.60780669144981,""y"":71.37546468401487,""width"":0.47573739295908657,""keypointlabels"":[""OTHER""],""original_width"":1024,""original_height"":512},{""x"":84.89776951672862,""y"":62.08178438661709,""width"":0.47573739295908657,""keypointlabels"":[""OTHER""],""original_width"":1024,""original_height"":512},{""x"":83.22490706319702,""y"":57.249070631970255,""width"":0.47573739295908657,""keypointlabels"":[""OTHER""],""original_width"":1024,""original_height"":512},{""x"":80.90148698884758,""y"":54.83271375464683,""width"":0.47573739295908657,""keypointlabels"":[""OTHER""],""original_width"":1024,""original_height"":512},{""x"":80.15799256505575,""y"":49.442379182156124,""width"":0.47573739295908657,""keypointlabels"":[""OTHER""],""original_width"":1024,""original_height"":512},{""x"":81.36617100371747,""y"":47.397769516728616,""width"":0.47573739295908657,""keypointlabels"":[""OTHER""],""original_width"":1024,""original_height"":512},{""x"":82.57434944237917,""y"":52.23048327137546,""width"":0.47573739295908657,""keypointlabels"":[""ADR""],""original_width"":1024,""original_height"":512},{""x"":82.0167286245353,""y"":41.07806691449814,""width"":0.47573739295908657,""keypointlabels"":[""ADR""],""original_width"":1024,""original_height"":512},{""x"":79.22862453531599,""y"":42.75092936802973,""width"":0.47573739295908657,""keypointlabels"":[""ADR""],""original_width"":1024,""original_height"":512}]",27.461,"2025-04-13T11:16:47.725161Z"
156,"1","2025-04-13T11:17:27.127181Z",238,"/data/upload/5/ea3e5c9c-image_16_D35.png","[{""x"":52.83457249070631,""y"":47.76951672862453,""width"":0.47573739295908657,""keypointlabels"":[""MES""],""original_width"":1024,""original_height"":512},{""x"":97.35130111524161,""y"":34.75836431226765,""width"":0.47573739295908657,""keypointlabels"":[""MES""],""original_width"":1024,""original_height"":512},{""x"":63.42936802973978,""y"":9.479553903345725,""width"":0.47573739295908657,""keypointlabels"":[""MES""],""original_width"":1024,""original_height"":512},{""x"":67.61152416356877,""y"":8.921933085501859,""width"":0.47573739295908657,""keypointlabels"":[""MES""],""original_width"":1024,""original_height"":512},{""x"":61.942379182156124,""y"":12.267657992565056,""width"":0.47573739295908657,""keypointlabels"":[""OTHER""],""original_width"":1024,""original_height"":512},{""x"":63.80111524163568,""y"":14.31226765799256,""width"":0.47573739295908657,""keypointlabels"":[""OTHER""],""original_width"":1024,""original_height"":512},{""x"":65.7527881040892,""y"":13.940520446096652,""width"":0.47573739295908657,""keypointlabels"":[""OTHER""],""original_width"":1024,""original_height"":512},{""x"":64.82342007434944,""y"":22.11895910780669,""width"":0.47573739295908657,""keypointlabels"":[""ADR""],""original_width"":1024,""original_height"":512},{""x"":66.58921933085502,""y"":21.375464684014865,""width"":0.47573739295908657,""keypointlabels"":[""ADR""],""original_width"":1024,""original_height"":512},{""x"":62.499999999999986,""y"":16.72862453531598,""width"":0.47573739295908657,""keypointlabels"":[""ADR""],""original_width"":1024,""original_height"":512},{""x"":61.66356877323419,""y"":19.1449814126394,""width"":0.47573739295908657,""keypointlabels"":[""OTHER""],""original_width"":1024,""original_height"":512},{""x"":64.82342007434944,""y"":17.10037174721189,""width"":0.47573739295908657,""keypointlabels"":[""OTHER""],""original_width"":1024,""original_height"":512},{""x"":64.91635687732341,""y"":19.330855018587357,""width"":0.47573739295908657,""keypointlabels"":[""OTHER""],""original_width"":1024,""original_height"":512},{""x"":67.42565055762083,""y"":18.02973977695167,""width"":0.47573739295908657,""keypointlabels"":[""OTHER""],""original_width"":1024,""original_height"":512},{""x"":66.03159851301115,""y"":16.542750929368026,""width"":0.47573739295908657,""keypointlabels"":[""ADR""],""original_width"":1024,""original_height"":512},{""x"":68.44795539033457,""y"":13.754646840148697,""width"":0.47573739295908657,""keypointlabels"":[""OTHER""],""original_width"":1024,""original_height"":512},{""x"":83.87546468401487,""y"":91.82156133828995,""width"":0.47573739295908657,""keypointlabels"":[""OTHER""],""original_width"":1024,""original_height"":512},{""x"":83.78252788104088,""y"":88.47583643122675,""width"":0.47573739295908657,""keypointlabels"":[""OTHER""],""original_width"":1024,""original_height"":512},{""x"":83.78252788104088,""y"":94.42379182156134,""width"":0.47573739295908657,""keypointlabels"":[""OTHER""],""original_width"":1024,""original_height"":512},{""x"":55.15799256505576,""y"":43.86617100371747,""width"":0.47573739295908657,""keypointlabels"":[""OTHER""],""original_width"":1024,""original_height"":512},{""x"":92.14684014869887,""y"":24.163568773234196,""width"":0.47573739295908657,""keypointlabels"":[""ADR""],""original_width"":1024,""original_height"":512}]",37.485,"2025-04-13T11:17:27.127215Z"
157,"1","2025-04-13T11:18:54.094362Z",239,"/data/upload/5/8e560ac6-image_17_D35.png","[{""x"":96.51486988847581,""y"":80.11152416356876,""width"":0.47573739295908657,""keypointlabels"":[""MES""],""original_width"":1024,""original_height"":512},{""x"":98.00185873605946,""y"":81.04089219330855,""width"":0.47573739295908657,""keypointlabels"":[""OTHER""],""original_width"":1024,""original_height"":512},{""x"":92.23977695167285,""y"":84.01486988847581,""width"":0.47573739295908657,""keypointlabels"":[""OTHER""],""original_width"":1024,""original_height"":512},{""x"":68.91263940520446,""y"":72.11895910780667,""width"":0.47573739295908657,""keypointlabels"":[""MES""],""original_width"":1024,""original_height"":512},{""x"":91.2174721189591,""y"":9.107806691449811,""width"":0.47573739295908657,""keypointlabels"":[""MES""],""original_width"":1024,""original_height"":512},{""x"":91.68215613382898,""y"":22.862453531598508,""width"":0.47573739295908657,""keypointlabels"":[""OTHER""],""original_width"":1024,""original_height"":512},{""x"":83.13197026022303,""y"":23.791821561338285,""width"":0.47573739295908657,""keypointlabels"":[""OTHER""],""original_width"":1024,""original_height"":512},{""x"":70.67843866171003,""y"":31.598513011152413,""width"":0.47573739295908657,""keypointlabels"":[""OTHER""],""original_width"":1024,""original_height"":512},{""x"":70.771375464684,""y"":28.996282527881036,""width"":0.47573739295908657,""keypointlabels"":[""OTHER""],""original_width"":1024,""original_height"":512},{""x"":83.78252788104088,""y"":13.382899628252787,""width"":0.47573739295908657,""keypointlabels"":[""OTHER""],""original_width"":1024,""original_height"":512},{""x"":79.20156115143652,""y"":28.256771147027948,""width"":0.47573739295908657,""keypointlabels"":[""OTHER""],""original_width"":1024,""original_height"":512},{""x"":76.7760872332367,""y"":29.226960714307875,""width"":0.47573739295908657,""keypointlabels"":[""ADR""],""original_width"":1024,""original_height"":512},{""x"":82.77913518078125,""y"":29.226960714307875,""width"":0.47573739295908657,""keypointlabels"":[""ADR""],""original_width"":1024,""original_height"":512},{""x"":85.14397225102609,""y"":28.37804484293794,""width"":0.47573739295908657,""keypointlabels"":[""ADR""],""original_width"":1024,""original_height"":512},{""x"":89.26727791196576,""y"":27.529128971567996,""width"":0.47573739295908657,""keypointlabels"":[""OTHER""],""original_width"":1024,""original_height"":512},{""x"":90.66192541493068,""y"":30.43969767340779,""width"":0.47573739295908657,""keypointlabels"":[""ADR""],""original_width"":1024,""original_height"":512},{""x"":89.87364639151573,""y"":21.829265263798415,""width"":0.47573739295908657,""keypointlabels"":[""ADR""],""original_width"":1024,""original_height"":512},{""x"":91.9352992219856,""y"":17.46341221103873,""width"":0.47573739295908657,""keypointlabels"":[""ADR""],""original_width"":1024,""original_height"":512},{""x"":93.1480361810855,""y"":19.888886129238553,""width"":0.47573739295908657,""keypointlabels"":[""ADR""],""original_width"":1024,""original_height"":512},{""x"":88.66090943241582,""y"":16.735770035578785,""width"":0.47573739295908657,""keypointlabels"":[""ADR""],""original_width"":1024,""original_height"":512},{""x"":88.35772519264086,""y"":20.010159825148545,""width"":0.47573739295908657,""keypointlabels"":[""ADR""],""original_width"":1024,""original_height"":512},{""x"":86.72053029785596,""y"":12.612464374639082,""width"":0.47573739295908657,""keypointlabels"":[""ADR""],""original_width"":1024,""original_height"":512},{""x"":86.53861975399097,""y"":19.2825176496886,""width"":0.47573739295908657,""keypointlabels"":[""OTHER""],""original_width"":1024,""original_height"":512},{""x"":87.08435138558593,""y"":23.163275918808317,""width"":0.47573739295908657,""keypointlabels"":[""OTHER""],""original_width"":1024,""original_height"":512},{""x"":85.56843018671105,""y"":24.861107661548193,""width"":0.47573739295908657,""keypointlabels"":[""OTHER""],""original_width"":1024,""original_height"":512},{""x"":87.44817247331592,""y"":25.10365505336818,""width"":0.47573739295908657,""keypointlabels"":[""OTHER""],""original_width"":1024,""original_height"":512},{""x"":81.32385082986136,""y"":24.861107661548193,""width"":0.47573739295908657,""keypointlabels"":[""OTHER""],""original_width"":1024,""original_height"":512},{""x"":79.26219799939152,""y"":23.89091809426826,""width"":0.47573739295908657,""keypointlabels"":[""OTHER""],""original_width"":1024,""original_height"":512},{""x"":77.62500310460663,""y"":24.618560269728214,""width"":0.47573739295908657,""keypointlabels"":[""ADR""],""original_width"":1024,""original_height"":512},{""x"":76.29099244959671,""y"":24.982381357458188,""width"":0.47573739295908657,""keypointlabels"":[""ADR""],""original_width"":1024,""original_height"":512},{""x"":74.59316070685685,""y"":27.286581579748017,""width"":0.47573739295908657,""keypointlabels"":[""ADR""],""original_width"":1024,""original_height"":512},{""x"":75.01761864254182,""y"":30.318423977497794,""width"":0.47573739295908657,""keypointlabels"":[""ADR""],""original_width"":1024,""original_height"":512},{""x"":73.6836079875319,""y"":30.43969767340779,""width"":0.47573739295908657,""keypointlabels"":[""OTHER""],""original_width"":1024,""original_height"":512},{""x"":73.31978689980194,""y"":26.195118316558098,""width"":0.47573739295908657,""keypointlabels"":[""OTHER""],""original_width"":1024,""original_height"":512},{""x"":75.3208028823168,""y"":22.799454831078343,""width"":0.47573739295908657,""keypointlabels"":[""OTHER""],""original_width"":1024,""original_height"":512},{""x"":77.74627680051661,""y"":19.403791345598588,""width"":0.47573739295908657,""keypointlabels"":[""OTHER""],""original_width"":1024,""original_height"":512},{""x"":80.23238756667145,""y"":18.069780690588686,""width"":0.47573739295908657,""keypointlabels"":[""OTHER""],""original_width"":1024,""original_height"":512},{""x"":81.99085615736631,""y"":16.978317427398764,""width"":0.47573739295908657,""keypointlabels"":[""OTHER""],""original_width"":1024,""original_height"":512},{""x"":81.44512452577135,""y"":14.795390901018923,""width"":0.47573739295908657,""keypointlabels"":[""ADR""],""original_width"":1024,""original_height"":512},{""x"":87.44817247331592,""y"":8.97425349733935,""width"":0.47573739295908657,""keypointlabels"":[""OTHER""],""original_width"":1024,""original_height"":512},{""x"":85.56843018671105,""y"":9.459348280979313,""width"":0.47573739295908657,""keypointlabels"":[""OTHER""],""original_width"":1024,""original_height"":512},{""x"":88.60027258446081,""y"":5.699863707769586,""width"":0.47573739295908657,""keypointlabels"":[""OTHER""],""original_width"":1024,""original_height"":512},{""x"":89.26727791196576,""y"":8.004063930059418,""width"":0.47573739295908657,""keypointlabels"":[""OTHER""],""original_width"":1024,""original_height"":512},{""x"":89.08536736810079,""y"":12.248643286909108,""width"":0.47573739295908657,""keypointlabels"":[""OTHER""],""original_width"":1024,""original_height"":512},{""x"":87.75135671309089,""y"":14.916664596928916,""width"":0.47573739295908657,""keypointlabels"":[""OTHER""],""original_width"":1024,""original_height"":512},{""x"":85.26524594693606,""y"":20.010159825148545,""width"":0.47573739295908657,""keypointlabels"":[""OTHER""],""original_width"":1024,""original_height"":512},{""x"":82.59722463691627,""y"":19.646338737418574,""width"":0.47573739295908657,""keypointlabels"":[""OTHER""],""original_width"":1024,""original_height"":512}]",84.723,"2025-04-13T11:18:54.094397Z"
158,"1","2025-04-13T11:19:45.628289Z",240,"/data/upload/5/56d429b2-image_18_D35.png","[{""x"":76.90520446096653,""y"":25.46468401486989,""width"":0.47573739295908657,""keypointlabels"":[""MES""],""original_width"":1024,""original_height"":512},{""x"":81.83085501858734,""y"":19.1449814126394,""width"":0.47573739295908657,""keypointlabels"":[""MES""],""original_width"":1024,""original_height"":512},{""x"":93.7267657992565,""y"":8.36431226765799,""width"":0.47573739295908657,""keypointlabels"":[""MES""],""original_width"":1024,""original_height"":512},{""x"":55.90148698884758,""y"":58.17843866171003,""width"":0.47573739295908657,""keypointlabels"":[""MES""],""original_width"":1024,""original_height"":512},{""x"":75.7899628252788,""y"":85.87360594795538,""width"":0.47573739295908657,""keypointlabels"":[""MES""],""original_width"":1024,""original_height"":512},{""x"":67.05390334572489,""y"":82.15613382899627,""width"":0.47573739295908657,""keypointlabels"":[""OTHER""],""original_width"":1024,""original_height"":512},{""x"":63.150557620817835,""y"":81.2267657992565,""width"":0.47573739295908657,""keypointlabels"":[""OTHER""],""original_width"":1024,""original_height"":512},{""x"":75.32527881040892,""y"":75.46468401486987,""width"":0.47573739295908657,""keypointlabels"":[""OTHER""],""original_width"":1024,""original_height"":512},{""x"":71.2360594795539,""y"":76.57992565055761,""width"":0.47573739295908657,""keypointlabels"":[""OTHER""],""original_width"":1024,""original_height"":512},{""x"":70.67843866171003,""y"":87.91821561338288,""width"":0.47573739295908657,""keypointlabels"":[""OTHER""],""original_width"":1024,""original_height"":512},{""x"":74.1171003717472,""y"":83.271375464684,""width"":0.47573739295908657,""keypointlabels"":[""OTHER""],""original_width"":1024,""original_height"":512},{""x"":74.76765799256503,""y"":18.959107806691446,""width"":0.47573739295908657,""keypointlabels"":[""OTHER""],""original_width"":1024,""original_height"":512},{""x"":73.46654275092935,""y"":18.77323420074349,""width"":0.47573739295908657,""keypointlabels"":[""OTHER""],""original_width"":1024,""original_height"":512},{""x"":71.88661710037174,""y"":17.657992565055757,""width"":0.47573739295908657,""keypointlabels"":[""OTHER""],""original_width"":1024,""original_height"":512},{""x"":74.76765799256503,""y"":15.98513011152416,""width"":0.47573739295908657,""keypointlabels"":[""ADR""],""original_width"":1024,""original_height"":512},{""x"":64.1728624535316,""y"":78.06691449814126,""width"":0.47573739295908657,""keypointlabels"":[""ADR""],""original_width"":1024,""original_height"":512},{""x"":66.86802973977694,""y"":78.2527881040892,""width"":0.47573739295908657,""keypointlabels"":[""ADR""],""original_width"":1024,""original_height"":512},{""x"":74.86059479553903,""y"":71.93308550185871,""width"":0.47573739295908657,""keypointlabels"":[""ADR""],""original_width"":1024,""original_height"":512},{""x"":70.58550185873605,""y"":84.75836431226766,""width"":0.47573739295908657,""keypointlabels"":[""ADR""],""original_width"":1024,""original_height"":512},{""x"":72.35130111524163,""y"":85.50185873605946,""width"":0.47573739295908657,""keypointlabels"":[""OTHER""],""original_width"":1024,""original_height"":512},{""x"":70.771375464684,""y"":80.48327137546468,""width"":0.47573739295908657,""keypointlabels"":[""ADR""],""original_width"":1024,""original_height"":512},{""x"":71.88661710037174,""y"":80.11152416356876,""width"":0.47573739295908657,""keypointlabels"":[""OTHER""],""original_width"":1024,""original_height"":512},{""x"":72.72304832713755,""y"":80.2973977695167,""width"":0.47573739295908657,""keypointlabels"":[""ADR""],""original_width"":1024,""original_height"":512},{""x"":74.1171003717472,""y"":80.11152416356876,""width"":0.47573739295908657,""keypointlabels"":[""OTHER""],""original_width"":1024,""original_height"":512},{""x"":69.0985130111524,""y"":77.32342007434943,""width"":0.47573739295908657,""keypointlabels"":[""OTHER""],""original_width"":1024,""original_height"":512},{""x"":58.13197026022304,""y"":59.293680297397756,""width"":0.47573739295908657,""keypointlabels"":[""OTHER""],""original_width"":1024,""original_height"":512},{""x"":51.6263940520446,""y"":62.26765799256504,""width"":0.47573739295908657,""keypointlabels"":[""OTHER""],""original_width"":1024,""original_height"":512},{""x"":51.07421875,""y"":1.5625,""width"":0.48828125,""keypointlabels"":[""OTHER""],""original_width"":1024,""original_height"":512},{""x"":50.390625,""y"":7.6171875,""width"":0.48828125,""keypointlabels"":[""OTHER""],""original_width"":1024,""original_height"":512}]",49.289,"2025-04-13T11:19:45.628321Z"
159,"1","2025-04-13T11:20:09.355527Z",241,"/data/upload/5/030d7fd5-image_19_D35.png","[{""x"":72.0724907063197,""y"":57.06319702602231,""width"":0.47573739295908657,""keypointlabels"":[""MES""],""original_width"":1024,""original_height"":512},{""x"":87.8717472118959,""y"":24.53531598513011,""width"":0.47573739295908657,""keypointlabels"":[""MES""],""original_width"":1024,""original_height"":512},{""x"":53.11338289962825,""y"":48.513011152416354,""width"":0.47573739295908657,""keypointlabels"":[""MES""],""original_width"":1024,""original_height"":512},{""x"":71.42193308550185,""y"":64.68401486988846,""width"":0.47573739295908657,""keypointlabels"":[""OTHER""],""original_width"":1024,""original_height"":512},{""x"":73.2806691449814,""y"":70.817843866171,""width"":0.47573739295908657,""keypointlabels"":[""OTHER""],""original_width"":1024,""original_height"":512},{""x"":74.48884758364312,""y"":75.09293680297398,""width"":0.47573739295908657,""keypointlabels"":[""OTHER""],""original_width"":1024,""original_height"":512},{""x"":86.94237918215613,""y"":49.628252788104085,""width"":0.47573739295908657,""keypointlabels"":[""OTHER""],""original_width"":1024,""original_height"":512},{""x"":61.75650557620818,""y"":55.20446096654275,""width"":0.47573739295908657,""keypointlabels"":[""OTHER""],""original_width"":1024,""original_height"":512},{""x"":59.711895910780655,""y"":55.57620817843865,""width"":0.47573739295908657,""keypointlabels"":[""OTHER""],""original_width"":1024,""original_height"":512},{""x"":53.949814126394045,""y"":54.08921933085501,""width"":0.47573739295908657,""keypointlabels"":[""OTHER""],""original_width"":1024,""original_height"":512},{""x"":57.295539033457246,""y"":37.54646840148699,""width"":0.47573739295908657,""keypointlabels"":[""OTHER""],""original_width"":1024,""original_height"":512},{""x"":56.18029739776952,""y"":61.152416356877325,""width"":0.47573739295908657,""keypointlabels"":[""OTHER""],""original_width"":1024,""original_height"":512},{""x"":57.574349442379166,""y"":63.197026022304826,""width"":0.47573739295908657,""keypointlabels"":[""OTHER""],""original_width"":1024,""original_height"":512}]",21.607,"2025-04-13T11:20:09.355561Z"
160,"1","2025-04-13T11:20:23.716340Z",242,"/data/upload/5/d331391e-image_20_D35.png","[{""x"":72.72304832713755,""y"":71.56133828996282,""width"":0.47573739295908657,""keypointlabels"":[""MES""],""original_width"":1024,""original_height"":512},{""x"":78.57806691449814,""y"":58.921933085501855,""width"":0.47573739295908657,""keypointlabels"":[""MES""],""original_width"":1024,""original_height"":512},{""x"":77.64869888475836,""y"":54.27509293680297,""width"":0.47573739295908657,""keypointlabels"":[""MES""],""original_width"":1024,""original_height"":512},{""x"":80.06505576208178,""y"":73.42007434944236,""width"":0.47573739295908657,""keypointlabels"":[""MES""],""original_width"":1024,""original_height"":512},{""x"":72.4442379182156,""y"":59.665427509293664,""width"":0.47573739295908657,""keypointlabels"":[""OTHER""],""original_width"":1024,""original_height"":512},{""x"":72.72304832713755,""y"":56.50557620817843,""width"":0.47573739295908657,""keypointlabels"":[""OTHER""],""original_width"":1024,""original_height"":512},{""x"":72.9089219330855,""y"":35.31598513011152,""width"":0.47573739295908657,""keypointlabels"":[""OTHER""],""original_width"":1024,""original_height"":512},{""x"":64.73048327137546,""y"":87.36059479553903,""width"":0.47573739295908657,""keypointlabels"":[""OTHER""],""original_width"":1024,""original_height"":512}]",12.321,"2025-04-13T11:20:23.716375Z"
161,"1","2025-04-13T11:21:17.128216Z",243,"/data/upload/5/c405745b-image_21_D35.png","[{""x"":84.80483271375464,""y"":49.628252788104085,""width"":0.47573739295908657,""keypointlabels"":[""MES""],""original_width"":1024,""original_height"":512},{""x"":69.0985130111524,""y"":56.69144981412638,""width"":0.47573739295908657,""keypointlabels"":[""MES""],""original_width"":1024,""original_height"":512},{""x"":66.68215613382898,""y"":42.00743494423791,""width"":0.47573739295908657,""keypointlabels"":[""MES""],""original_width"":1024,""original_height"":512},{""x"":68.07620817843866,""y"":12.267657992565056,""width"":0.47573739295908657,""keypointlabels"":[""MES""],""original_width"":1024,""original_height"":512},{""x"":78.02044609665427,""y"":85.31598513011151,""width"":0.47573739295908657,""keypointlabels"":[""MES""],""original_width"":1024,""original_height"":512},{""x"":79.69330855018586,""y"":88.47583643122675,""width"":0.47573739295908657,""keypointlabels"":[""MES""],""original_width"":1024,""original_height"":512},{""x"":55.15799256505576,""y"":84.75836431226766,""width"":0.47573739295908657,""keypointlabels"":[""OTHER""],""original_width"":1024,""original_height"":512},{""x"":53.39219330855018,""y"":90.33457249070631,""width"":0.47573739295908657,""keypointlabels"":[""OTHER""],""original_width"":1024,""original_height"":512},{""x"":50.88289962825279,""y"":95.16728624535314,""width"":0.47573739295908657,""keypointlabels"":[""OTHER""],""original_width"":1024,""original_height"":512},{""x"":72.53717472118959,""y"":40.334572490706314,""width"":0.47573739295908657,""keypointlabels"":[""ADR""],""original_width"":1024,""original_height"":512},{""x"":73.65241635687732,""y"":39.03345724907063,""width"":0.47573739295908657,""keypointlabels"":[""ADR""],""original_width"":1024,""original_height"":512},{""x"":71.2360594795539,""y"":35.501858736059475,""width"":0.47573739295908657,""keypointlabels"":[""ADR""],""original_width"":1024,""original_height"":512},{""x"":70.67843866171003,""y"":37.54646840148699,""width"":0.47573739295908657,""keypointlabels"":[""ADR""],""original_width"":1024,""original_height"":512},{""x"":68.91263940520446,""y"":37.17472118959107,""width"":0.47573739295908657,""keypointlabels"":[""OTHER""],""original_width"":1024,""original_height"":512},{""x"":75.51115241635688,""y"":34.944237918215606,""width"":0.47573739295908657,""keypointlabels"":[""OTHER""],""original_width"":1024,""original_height"":512},{""x"":67.14684014869889,""y"":36.43122676579925,""width"":0.47573739295908657,""keypointlabels"":[""OTHER""],""original_width"":1024,""original_height"":512},{""x"":64.73048327137546,""y"":35.87360594795538,""width"":0.47573739295908657,""keypointlabels"":[""ADR""],""original_width"":1024,""original_height"":512},{""x"":63.42936802973978,""y"":28.438661710037174,""width"":0.47573739295908657,""keypointlabels"":[""OTHER""],""original_width"":1024,""original_height"":512},{""x"":65.19516728624535,""y"":28.438661710037174,""width"":0.47573739295908657,""keypointlabels"":[""OTHER""],""original_width"":1024,""original_height"":512},{""x"":73.83828996282527,""y"":27.137546468401485,""width"":0.47573739295908657,""keypointlabels"":[""OTHER""],""original_width"":1024,""original_height"":512},{""x"":75.51115241635688,""y"":28.252788104089216,""width"":0.47573739295908657,""keypointlabels"":[""ADR""],""original_width"":1024,""original_height"":512},{""x"":73.18773234200742,""y"":30.483271375464682,""width"":0.47573739295908657,""keypointlabels"":[""OTHER""],""original_width"":1024,""original_height"":512},{""x"":71.79368029739776,""y"":31.970260223048324,""width"":0.47573739295908657,""keypointlabels"":[""OTHER""],""original_width"":1024,""original_height"":512},{""x"":68.54089219330855,""y"":32.52788104089219,""width"":0.47573739295908657,""keypointlabels"":[""ADR""],""original_width"":1024,""original_height"":512},{""x"":70.30669144981412,""y"":30.85501858736059,""width"":0.47573739295908657,""keypointlabels"":[""ADR""],""original_width"":1024,""original_height"":512},{""x"":68.91263940520446,""y"":26.579925650557616,""width"":0.47573739295908657,""keypointlabels"":[""OTHER""],""original_width"":1024,""original_height"":512},{""x"":69.19144981412639,""y"":20.260223048327138,""width"":0.47573739295908657,""keypointlabels"":[""OTHER""],""original_width"":1024,""original_height"":512},{""x"":72.25836431226766,""y"":17.843866171003718,""width"":0.47573739295908657,""keypointlabels"":[""OTHER""],""original_width"":1024,""original_height"":512},{""x"":72.63011152416355,""y"":20.817843866171,""width"":0.47573739295908657,""keypointlabels"":[""OTHER""],""original_width"":1024,""original_height"":512},{""x"":67.33271375464683,""y"":23.420074349442377,""width"":0.47573739295908657,""keypointlabels"":[""OTHER""],""original_width"":1024,""original_height"":512}]",51.873,"2025-04-13T11:21:17.128250Z"
162,"1","2025-04-13T11:22:25.360874Z",244,"/data/upload/5/d338fb9d-image_22_D35.png","[{""x"":81.92379182156134,""y"":44.9814126394052,""width"":0.47573739295908657,""keypointlabels"":[""MES""],""original_width"":1024,""original_height"":512},{""x"":67.51858736059478,""y"":67.4721189591078,""width"":0.47573739295908657,""keypointlabels"":[""MES""],""original_width"":1024,""original_height"":512},{""x"":93.44795539033456,""y"":80.48327137546468,""width"":0.47573739295908657,""keypointlabels"":[""MES""],""original_width"":1024,""original_height"":512},{""x"":79.87918215613382,""y"":33.27137546468401,""width"":0.47573739295908657,""keypointlabels"":[""MES""],""original_width"":1024,""original_height"":512},{""x"":82.0167286245353,""y"":27.695167286245354,""width"":0.47573739295908657,""keypointlabels"":[""ADR""],""original_width"":1024,""original_height"":512},{""x"":78.39219330855018,""y"":27.881040892193308,""width"":0.47573739295908657,""keypointlabels"":[""OTHER""],""original_width"":1024,""original_height"":512},{""x"":71.05018587360594,""y"":33.45724907063197,""width"":0.47573739295908657,""keypointlabels"":[""OTHER""],""original_width"":1024,""original_height"":512},{""x"":70.21375464684014,""y"":36.80297397769516,""width"":0.47573739295908657,""keypointlabels"":[""OTHER""],""original_width"":1024,""original_height"":512},{""x"":68.81970260223048,""y"":34.75836431226765,""width"":0.47573739295908657,""keypointlabels"":[""OTHER""],""original_width"":1024,""original_height"":512},{""x"":67.79739776951672,""y"":36.98884758364312,""width"":0.47573739295908657,""keypointlabels"":[""OTHER""],""original_width"":1024,""original_height"":512},{""x"":71.79368029739776,""y"":23.60594795539033,""width"":0.47573739295908657,""keypointlabels"":[""ADR""],""original_width"":1024,""original_height"":512},{""x"":74.86059479553903,""y"":23.048327137546465,""width"":0.47573739295908657,""keypointlabels"":[""ADR""],""original_width"":1024,""original_height"":512},{""x"":73.65241635687732,""y"":25.27881040892193,""width"":0.47573739295908657,""keypointlabels"":[""ADR""],""original_width"":1024,""original_height"":512},{""x"":74.30297397769516,""y"":27.695167286245354,""width"":0.47573739295908657,""keypointlabels"":[""OTHER""],""original_width"":1024,""original_height"":512},{""x"":83.13197026022303,""y"":34.014869888475836,""width"":0.47573739295908657,""keypointlabels"":[""OTHER""],""original_width"":1024,""original_height"":512},{""x"":81.18029739776952,""y"":35.31598513011152,""width"":0.47573739295908657,""keypointlabels"":[""OTHER""],""original_width"":1024,""original_height"":512},{""x"":76.99814126394051,""y"":37.17472118959107,""width"":0.47573739295908657,""keypointlabels"":[""OTHER""],""original_width"":1024,""original_height"":512},{""x"":75.51115241635688,""y"":40.89219330855018,""width"":0.47573739295908657,""keypointlabels"":[""OTHER""],""original_width"":1024,""original_height"":512},{""x"":74.1171003717472,""y"":33.45724907063197,""width"":0.47573739295908657,""keypointlabels"":[""ADR""],""original_width"":1024,""original_height"":512},{""x"":73.18773234200742,""y"":36.2453531598513,""width"":0.47573739295908657,""keypointlabels"":[""ADR""],""original_width"":1024,""original_height"":512},{""x"":71.88661710037174,""y"":37.36059479553903,""width"":0.47573739295908657,""keypointlabels"":[""ADR""],""original_width"":1024,""original_height"":512},{""x"":63.3364312267658,""y"":44.42379182156134,""width"":0.47573739295908657,""keypointlabels"":[""OTHER""],""original_width"":1024,""original_height"":512},{""x"":61.66356877323419,""y"":49.25650557620818,""width"":0.47573739295908657,""keypointlabels"":[""OTHER""],""original_width"":1024,""original_height"":512},{""x"":61.570631970260216,""y"":45.53903345724906,""width"":0.47573739295908657,""keypointlabels"":[""ADR""],""original_width"":1024,""original_height"":512},{""x"":60.08364312267658,""y"":44.237918215613384,""width"":0.47573739295908657,""keypointlabels"":[""ADR""],""original_width"":1024,""original_height"":512},{""x"":59.340148698884754,""y"":47.58364312267657,""width"":0.47573739295908657,""keypointlabels"":[""ADR""],""original_width"":1024,""original_height"":512},{""x"":57.574349442379166,""y"":49.999999999999986,""width"":0.47573739295908657,""keypointlabels"":[""ADR""],""original_width"":1024,""original_height"":512},{""x"":58.78252788104089,""y"":52.973977695167285,""width"":0.47573739295908657,""keypointlabels"":[""ADR""],""original_width"":1024,""original_height"":512},{""x"":60.362453531598504,""y"":54.460966542750924,""width"":0.47573739295908657,""keypointlabels"":[""ADR""],""original_width"":1024,""original_height"":512},{""x"":56.83085501858736,""y"":56.13382899628252,""width"":0.47573739295908657,""keypointlabels"":[""ADR""],""original_width"":1024,""original_height"":512},{""x"":56.6449814126394,""y"":59.47955390334572,""width"":0.47573739295908657,""keypointlabels"":[""ADR""],""original_width"":1024,""original_height"":512},{""x"":55.06505576208178,""y"":58.921933085501855,""width"":0.47573739295908657,""keypointlabels"":[""ADR""],""original_width"":1024,""original_height"":512},{""x"":54.78624535315985,""y"":62.08178438661709,""width"":0.47573739295908657,""keypointlabels"":[""ADR""],""original_width"":1024,""original_height"":512},{""x"":53.11338289962825,""y"":66.91449814126393,""width"":0.47573739295908657,""keypointlabels"":[""ADR""],""original_width"":1024,""original_height"":512},{""x"":52.741635687732334,""y"":64.68401486988846,""width"":0.47573739295908657,""keypointlabels"":[""ADR""],""original_width"":1024,""original_height"":512},{""x"":53.7639405204461,""y"":59.1078066914498,""width"":0.47573739295908657,""keypointlabels"":[""ADR""],""original_width"":1024,""original_height"":512},{""x"":51.99814126394051,""y"":60.03717472118959,""width"":0.47573739295908657,""keypointlabels"":[""ADR""],""original_width"":1024,""original_height"":512},{""x"":50.697026022304826,""y"":61.524163568773226,""width"":0.47573739295908657,""keypointlabels"":[""ADR""],""original_width"":1024,""original_height"":512},{""x"":53.57806691449814,""y"":55.762081784386616,""width"":0.47573739295908657,""keypointlabels"":[""ADR""],""original_width"":1024,""original_height"":512},{""x"":55.52973977695167,""y"":51.85873605947955,""width"":0.47573739295908657,""keypointlabels"":[""ADR""],""original_width"":1024,""original_height"":512},{""x"":52.184014869888465,""y"":55.762081784386616,""width"":0.47573739295908657,""keypointlabels"":[""ADR""],""original_width"":1024,""original_height"":512},{""x"":50.697026022304826,""y"":57.80669144981412,""width"":0.47573739295908657,""keypointlabels"":[""ADR""],""original_width"":1024,""original_height"":512},{""x"":50.60408921933085,""y"":53.90334572490706,""width"":0.47573739295908657,""keypointlabels"":[""ADR""],""original_width"":1024,""original_height"":512},{""x"":51.812267657992564,""y"":51.115241635687724,""width"":0.47573739295908657,""keypointlabels"":[""ADR""],""original_width"":1024,""original_height"":512},{""x"":65.8457249070632,""y"":86.80297397769515,""width"":0.47573739295908657,""keypointlabels"":[""OTHER""],""original_width"":1024,""original_height"":512}]",66.181,"2025-04-13T11:22:25.360909Z"
163,"1","2025-04-13T11:25:09.907065Z",245,"/data/upload/5/5c6ddad7-image_23_D35.png","[{""x"":63.05762081784386,""y"":16.72862453531598,""width"":0.47573739295908657,""keypointlabels"":[""MES""],""original_width"":1024,""original_height"":512},{""x"":82.29553903345723,""y"":34.386617100371744,""width"":0.47573739295908657,""keypointlabels"":[""MES""],""original_width"":1024,""original_height"":512},{""x"":90.7527881040892,""y"":78.81040892193307,""width"":0.47573739295908657,""keypointlabels"":[""MES""],""original_width"":1024,""original_height"":512},{""x"":63.42936802973978,""y"":78.06691449814126,""width"":0.47573739295908657,""keypointlabels"":[""OTHER""],""original_width"":1024,""original_height"":512},{""x"":63.28125,""y"":49.609375,""width"":0.48828125,""keypointlabels"":[""OTHER""],""original_width"":1024,""original_height"":512},{""x"":65.234375,""y"":43.5546875,""width"":0.48828125,""keypointlabels"":[""OTHER""],""original_width"":1024,""original_height"":512},{""x"":65.52734375,""y"":48.2421875,""width"":0.48828125,""keypointlabels"":[""OTHER""],""original_width"":1024,""original_height"":512},{""x"":65.13671875,""y"":40.0390625,""width"":0.48828125,""keypointlabels"":[""OTHER""],""original_width"":1024,""original_height"":512},{""x"":62.40234375,""y"":41.015625,""width"":0.48828125,""keypointlabels"":[""OTHER""],""original_width"":1024,""original_height"":512},{""x"":61.03515625,""y"":46.6796875,""width"":0.48828125,""keypointlabels"":[""OTHER""],""original_width"":1024,""original_height"":512},{""x"":59.375,""y"":44.921875,""width"":0.48828125,""keypointlabels"":[""OTHER""],""original_width"":1024,""original_height"":512},{""x"":59.375,""y"":49.8046875,""width"":0.48828125,""keypointlabels"":[""OTHER""],""original_width"":1024,""original_height"":512},{""x"":57.51953125,""y"":47.65625,""width"":0.48828125,""keypointlabels"":[""OTHER""],""original_width"":1024,""original_height"":512},{""x"":55.76171875,""y"":47.265625,""width"":0.48828125,""keypointlabels"":[""OTHER""],""original_width"":1024,""original_height"":512},{""x"":55.17578125,""y"":41.6015625,""width"":0.48828125,""keypointlabels"":[""OTHER""],""original_width"":1024,""original_height"":512},{""x"":55.6640625,""y"":37.5,""width"":0.48828125,""keypointlabels"":[""OTHER""],""original_width"":1024,""original_height"":512},{""x"":56.640625,""y"":40.8203125,""width"":0.48828125,""keypointlabels"":[""OTHER""],""original_width"":1024,""original_height"":512},{""x"":58.203125,""y"":40.8203125,""width"":0.48828125,""keypointlabels"":[""OTHER""],""original_width"":1024,""original_height"":512},{""x"":65.33203125,""y"":66.9921875,""width"":0.48828125,""keypointlabels"":[""ADR""],""original_width"":1024,""original_height"":512},{""x"":63.0859375,""y"":66.6015625,""width"":0.48828125,""keypointlabels"":[""ADR""],""original_width"":1024,""original_height"":512},{""x"":61.71875,""y"":64.0625,""width"":0.48828125,""keypointlabels"":[""ADR""],""original_width"":1024,""original_height"":512},{""x"":59.9609375,""y"":63.4765625,""width"":0.48828125,""keypointlabels"":[""ADR""],""original_width"":1024,""original_height"":512},{""x"":59.66796875,""y"":69.921875,""width"":0.48828125,""keypointlabels"":[""ADR""],""original_width"":1024,""original_height"":512},{""x"":61.42578125,""y"":70.3125,""width"":0.48828125,""keypointlabels"":[""ADR""],""original_width"":1024,""original_height"":512},{""x"":62.98828125,""y"":73.4375,""width"":0.48828125,""keypointlabels"":[""ADR""],""original_width"":1024,""original_height"":512},{""x"":66.89453125,""y"":70.5078125,""width"":0.48828125,""keypointlabels"":[""ADR""],""original_width"":1024,""original_height"":512},{""x"":65.52734375,""y"":72.0703125,""width"":0.48828125,""keypointlabels"":[""ADR""],""original_width"":1024,""original_height"":512},{""x"":68.1640625,""y"":66.796875,""width"":0.48828125,""keypointlabels"":[""ADR""],""original_width"":1024,""original_height"":512},{""x"":58.30078125,""y"":63.0859375,""width"":0.48828125,""keypointlabels"":[""ADR""],""original_width"":1024,""original_height"":512},{""x"":55.95703125,""y"":63.28125,""width"":0.48828125,""keypointlabels"":[""ADR""],""original_width"":1024,""original_height"":512},{""x"":54.39453125,""y"":62.3046875,""width"":0.48828125,""keypointlabels"":[""ADR""],""original_width"":1024,""original_height"":512},{""x"":53.41796875,""y"":58.984375,""width"":0.48828125,""keypointlabels"":[""ADR""],""original_width"":1024,""original_height"":512},{""x"":53.61328125,""y"":55.078125,""width"":0.48828125,""keypointlabels"":[""ADR""],""original_width"":1024,""original_height"":512},{""x"":55.37109375,""y"":58.59375,""width"":0.48828125,""keypointlabels"":[""OTHER""],""original_width"":1024,""original_height"":512},{""x"":54.6875,""y"":56.0546875,""width"":0.48828125,""keypointlabels"":[""OTHER""],""original_width"":1024,""original_height"":512},{""x"":56.93359375,""y"":60.3515625,""width"":0.48828125,""keypointlabels"":[""OTHER""],""original_width"":1024,""original_height"":512},{""x"":60.546875,""y"":60.3515625,""width"":0.48828125,""keypointlabels"":[""OTHER""],""original_width"":1024,""original_height"":512},{""x"":56.73828125,""y"":54.6875,""width"":0.48828125,""keypointlabels"":[""OTHER""],""original_width"":1024,""original_height"":512},{""x"":57.8125,""y"":55.2734375,""width"":0.48828125,""keypointlabels"":[""OTHER""],""original_width"":1024,""original_height"":512},{""x"":57.51953125,""y"":44.53125,""width"":0.48828125,""keypointlabels"":[""OTHER""],""original_width"":1024,""original_height"":512},{""x"":53.7109375,""y"":50.5859375,""width"":0.48828125,""keypointlabels"":[""OTHER""],""original_width"":1024,""original_height"":512},{""x"":60.15625,""y"":54.4921875,""width"":0.48828125,""keypointlabels"":[""ADR""],""original_width"":1024,""original_height"":512},{""x"":63.76953125,""y"":55.2734375,""width"":0.48828125,""keypointlabels"":[""ADR""],""original_width"":1024,""original_height"":512},{""x"":66.015625,""y"":53.90625,""width"":0.48828125,""keypointlabels"":[""ADR""],""original_width"":1024,""original_height"":512},{""x"":65.4296875,""y"":62.3046875,""width"":0.48828125,""keypointlabels"":[""ADR""],""original_width"":1024,""original_height"":512},{""x"":63.4765625,""y"":58.984375,""width"":0.48828125,""keypointlabels"":[""ADR""],""original_width"":1024,""original_height"":512},{""x"":61.81640625,""y"":59.765625,""width"":0.48828125,""keypointlabels"":[""ADR""],""original_width"":1024,""original_height"":512},{""x"":61.328125,""y"":54.6875,""width"":0.48828125,""keypointlabels"":[""ADR""],""original_width"":1024,""original_height"":512},{""x"":68.5546875,""y"":46.484375,""width"":0.48828125,""keypointlabels"":[""ADR""],""original_width"":1024,""original_height"":512},{""x"":67.08984375,""y"":48.2421875,""width"":0.48828125,""keypointlabels"":[""ADR""],""original_width"":1024,""original_height"":512},{""x"":67.1875,""y"":45.3125,""width"":0.48828125,""keypointlabels"":[""ADR""],""original_width"":1024,""original_height"":512},{""x"":70.3125,""y"":35.7421875,""width"":0.48828125,""keypointlabels"":[""OTHER""],""original_width"":1024,""original_height"":512},{""x"":70.1171875,""y"":45.1171875,""width"":0.48828125,""keypointlabels"":[""OTHER""],""original_width"":1024,""original_height"":512},{""x"":66.69921875,""y"":33.59375,""width"":0.48828125,""keypointlabels"":[""OTHER""],""original_width"":1024,""original_height"":512},{""x"":62.98828125,""y"":33.984375,""width"":0.48828125,""keypointlabels"":[""ADR""],""original_width"":1024,""original_height"":512},{""x"":63.18359375,""y"":35.546875,""width"":0.48828125,""keypointlabels"":[""ADR""],""original_width"":1024,""original_height"":512},{""x"":61.62109375,""y"":37.5,""width"":0.48828125,""keypointlabels"":[""ADR""],""original_width"":1024,""original_height"":512},{""x"":59.66796875,""y"":38.8671875,""width"":0.48828125,""keypointlabels"":[""OTHER""],""original_width"":1024,""original_height"":512},{""x"":58.984375,""y"":32.8125,""width"":0.48828125,""keypointlabels"":[""OTHER""],""original_width"":1024,""original_height"":512},{""x"":59.47265625,""y"":27.9296875,""width"":0.48828125,""keypointlabels"":[""ADR""],""original_width"":1024,""original_height"":512},{""x"":61.328125,""y"":31.4453125,""width"":0.48828125,""keypointlabels"":[""OTHER""],""original_width"":1024,""original_height"":512},{""x"":64.55078125,""y"":27.734375,""width"":0.48828125,""keypointlabels"":[""ADR""],""original_width"":1024,""original_height"":512},{""x"":66.6015625,""y"":28.125,""width"":0.48828125,""keypointlabels"":[""OTHER""],""original_width"":1024,""original_height"":512},{""x"":62.40234375,""y"":26.7578125,""width"":0.48828125,""keypointlabels"":[""OTHER""],""original_width"":1024,""original_height"":512},{""x"":60.9375,""y"":24.8046875,""width"":0.48828125,""keypointlabels"":[""OTHER""],""original_width"":1024,""original_height"":512},{""x"":68.65234375,""y"":39.84375,""width"":0.48828125,""keypointlabels"":[""OTHER""],""original_width"":1024,""original_height"":512},{""x"":68.359375,""y"":35.7421875,""width"":0.48828125,""keypointlabels"":[""OTHER""],""original_width"":1024,""original_height"":512},{""x"":70.8984375,""y"":39.453125,""width"":0.48828125,""keypointlabels"":[""ADR""],""original_width"":1024,""original_height"":512},{""x"":72.4609375,""y"":39.0625,""width"":0.48828125,""keypointlabels"":[""ADR""],""original_width"":1024,""original_height"":512},{""x"":66.40625,""y"":36.9140625,""width"":0.48828125,""keypointlabels"":[""ADR""],""original_width"":1024,""original_height"":512},{""x"":58.0078125,""y"":80.078125,""width"":0.48828125,""keypointlabels"":[""OTHER""],""original_width"":1024,""original_height"":512},{""x"":58.0078125,""y"":73.6328125,""width"":0.48828125,""keypointlabels"":[""OTHER""],""original_width"":1024,""original_height"":512},{""x"":53.80859375,""y"":15.625,""width"":0.48828125,""keypointlabels"":[""OTHER""],""original_width"":1024,""original_height"":512},{""x"":89.453125,""y"":9.9609375,""width"":0.48828125,""keypointlabels"":[""OTHER""],""original_width"":1024,""original_height"":512},{""x"":89.94140625,""y"":41.796875,""width"":0.48828125,""keypointlabels"":[""OTHER""],""original_width"":1024,""original_height"":512},{""x"":51.46484375,""y"":91.6015625,""width"":0.48828125,""keypointlabels"":[""OTHER""],""original_width"":1024,""original_height"":512},{""x"":62.5,""y"":80.46875,""width"":0.48828125,""keypointlabels"":[""OTHER""],""original_width"":1024,""original_height"":512}]",162.295,"2025-04-13T11:25:09.907098Z"
164,"1","2025-04-13T11:29:37.682325Z",246,"/data/upload/5/554526be-image_24_D35.png","[{""x"":58.13197026022304,""y"":13.382899628252787,""width"":0.47573739295908657,""keypointlabels"":[""MES""],""original_width"":1024,""original_height"":512},{""x"":56.6449814126394,""y"":6.877323420074348,""width"":0.47573739295908657,""keypointlabels"":[""MES""],""original_width"":1024,""original_height"":512},{""x"":91.40334572490706,""y"":67.84386617100371,""width"":0.47573739295908657,""keypointlabels"":[""MES""],""original_width"":1024,""original_height"":512},{""x"":61.013011152416354,""y"":89.96282527881039,""width"":0.47573739295908657,""keypointlabels"":[""MES""],""original_width"":1024,""original_height"":512},{""x"":91.49628252788102,""y"":60.594795539033456,""width"":0.47573739295908657,""keypointlabels"":[""OTHER""],""original_width"":1024,""original_height"":512},{""x"":59.99070631970259,""y"":95.16728624535314,""width"":0.47573739295908657,""keypointlabels"":[""OTHER""],""original_width"":1024,""original_height"":512},{""x"":88.80111524163567,""y"":62.639405204460964,""width"":0.47573739295908657,""keypointlabels"":[""OTHER""],""original_width"":1024,""original_height"":512},{""x"":85.17657992565056,""y"":16.542750929368026,""width"":0.47573739295908657,""keypointlabels"":[""ADR""],""original_width"":1024,""original_height"":512},{""x"":83.22490706319702,""y"":20.074349442379177,""width"":0.47573739295908657,""keypointlabels"":[""ADR""],""original_width"":1024,""original_height"":512},{""x"":81.83085501858734,""y"":21.56133828996282,""width"":0.47573739295908657,""keypointlabels"":[""ADR""],""original_width"":1024,""original_height"":512},{""x"":80.43680297397768,""y"":24.53531598513011,""width"":0.47573739295908657,""keypointlabels"":[""ADR""],""original_width"":1024,""original_height"":512},{""x"":80.15799256505575,""y"":18.959107806691446,""width"":0.47573739295908657,""keypointlabels"":[""OTHER""],""original_width"":1024,""original_height"":512},{""x"":77.9275092936803,""y"":13.197026022304831,""width"":0.47573739295908657,""keypointlabels"":[""ADR""],""original_width"":1024,""original_height"":512},{""x"":77.27695167286245,""y"":14.31226765799256,""width"":0.47573739295908657,""keypointlabels"":[""ADR""],""original_width"":1024,""original_height"":512},{""x"":76.71933085501857,""y"":21.003717472118954,""width"":0.47573739295908657,""keypointlabels"":[""ADR""],""original_width"":1024,""original_height"":512},{""x"":78.6710037174721,""y"":19.70260223048327,""width"":0.47573739295908657,""keypointlabels"":[""ADR""],""original_width"":1024,""original_height"":512},{""x"":75.88289962825277,""y"":22.304832713754642,""width"":0.47573739295908657,""keypointlabels"":[""ADR""],""original_width"":1024,""original_height"":512},{""x"":78.57806691449814,""y"":27.695167286245354,""width"":0.47573739295908657,""keypointlabels"":[""ADR""],""original_width"":1024,""original_height"":512},{""x"":80.34386617100371,""y"":27.323420074349443,""width"":0.47573739295908657,""keypointlabels"":[""ADR""],""original_width"":1024,""original_height"":512},{""x"":78.2992565055762,""y"":22.304832713754642,""width"":0.47573739295908657,""keypointlabels"":[""OTHER""],""original_width"":1024,""original_height"":512},{""x"":82.94609665427508,""y"":28.810408921933085,""width"":0.47573739295908657,""keypointlabels"":[""ADR""],""original_width"":1024,""original_height"":512},{""x"":85.73420074349441,""y"":30.66914498141264,""width"":0.47573739295908657,""keypointlabels"":[""OTHER""],""original_width"":1024,""original_height"":512},{""x"":75.88289962825277,""y"":29.925650557620813,""width"":0.47573739295908657,""keypointlabels"":[""ADR""],""original_width"":1024,""original_height"":512},{""x"":77.36988847583642,""y"":29.925650557620813,""width"":0.47573739295908657,""keypointlabels"":[""ADR""],""original_width"":1024,""original_height"":512},{""x"":73.83828996282527,""y"":32.52788104089219,""width"":0.47573739295908657,""keypointlabels"":[""OTHER""],""original_width"":1024,""original_height"":512},{""x"":77.4628252788104,""y"":34.572490706319705,""width"":0.47573739295908657,""keypointlabels"":[""ADR""],""original_width"":1024,""original_height"":512},{""x"":76.53345724907062,""y"":36.617100371747206,""width"":0.47573739295908657,""keypointlabels"":[""ADR""],""original_width"":1024,""original_height"":512},{""x"":74.67472118959108,""y"":35.13011152416357,""width"":0.47573739295908657,""keypointlabels"":[""ADR""],""original_width"":1024,""original_height"":512},{""x"":75.13940520446096,""y"":38.661710037174714,""width"":0.47573739295908657,""keypointlabels"":[""ADR""],""original_width"":1024,""original_height"":512},{""x"":77.18401486988846,""y"":39.405204460966544,""width"":0.47573739295908657,""keypointlabels"":[""ADR""],""original_width"":1024,""original_height"":512},{""x"":79.50743494423791,""y"":39.962825278810406,""width"":0.47573739295908657,""keypointlabels"":[""OTHER""],""original_width"":1024,""original_height"":512},{""x"":80.06505576208178,""y"":35.31598513011152,""width"":0.47573739295908657,""keypointlabels"":[""OTHER""],""original_width"":1024,""original_height"":512},{""x"":82.38847583643121,""y"":38.289962825278806,""width"":0.47573739295908657,""keypointlabels"":[""OTHER""],""original_width"":1024,""original_height"":512},{""x"":84.89776951672862,""y"":42.565055762081776,""width"":0.47573739295908657,""keypointlabels"":[""OTHER""],""original_width"":1024,""original_height"":512},{""x"":87.96468401486987,""y"":41.07806691449814,""width"":0.47573739295908657,""keypointlabels"":[""ADR""],""original_width"":1024,""original_height"":512},{""x"":86.38475836431225,""y"":37.36059479553903,""width"":0.47573739295908657,""keypointlabels"":[""OTHER""],""original_width"":1024,""original_height"":512},{""x"":84.71189591078065,""y"":34.75836431226765,""width"":0.47573739295908657,""keypointlabels"":[""OTHER""],""original_width"":1024,""original_height"":512},{""x"":87.59293680297398,""y"":34.944237918215606,""width"":0.47573739295908657,""keypointlabels"":[""OTHER""],""original_width"":1024,""original_height"":512},{""x"":89.1728624535316,""y"":36.2453531598513,""width"":0.47573739295908657,""keypointlabels"":[""OTHER""],""original_width"":1024,""original_height"":512},{""x"":87.96468401486987,""y"":46.09665427509293,""width"":0.47573739295908657,""keypointlabels"":[""OTHER""],""original_width"":1024,""original_height"":512},{""x"":88.33643122676578,""y"":55.018587360594786,""width"":0.47573739295908657,""keypointlabels"":[""OTHER""],""original_width"":1024,""original_height"":512},{""x"":86.2918215613383,""y"":56.50557620817843,""width"":0.47573739295908657,""keypointlabels"":[""OTHER""],""original_width"":1024,""original_height"":512},{""x"":86.2918215613383,""y"":52.60223048327136,""width"":0.47573739295908657,""keypointlabels"":[""OTHER""],""original_width"":1024,""original_height"":512},{""x"":85.92007434944236,""y"":48.884758364312255,""width"":0.47573739295908657,""keypointlabels"":[""OTHER""],""original_width"":1024,""original_height"":512},{""x"":84.61895910780669,""y"":51.85873605947955,""width"":0.47573739295908657,""keypointlabels"":[""ADR""],""original_width"":1024,""original_height"":512},{""x"":83.68959107806691,""y"":54.460966542750924,""width"":0.47573739295908657,""keypointlabels"":[""ADR""],""original_width"":1024,""original_height"":512},{""x"":82.94609665427508,""y"":50.92936802973978,""width"":0.47573739295908657,""keypointlabels"":[""OTHER""],""original_width"":1024,""original_height"":512},{""x"":84.34014869888475,""y"":49.442379182156124,""width"":0.47573739295908657,""keypointlabels"":[""OTHER""],""original_width"":1024,""original_height"":512},{""x"":82.8531598513011,""y"":45.91078066914498,""width"":0.47573739295908657,""keypointlabels"":[""ADR""],""original_width"":1024,""original_height"":512},{""x"":81.36617100371747,""y"":44.237918215613384,""width"":0.47573739295908657,""keypointlabels"":[""OTHER""],""original_width"":1024,""original_height"":512},{""x"":80.43680297397768,""y"":49.07063197026022,""width"":0.47573739295908657,""keypointlabels"":[""OTHER""],""original_width"":1024,""original_height"":512},{""x"":80.43680297397768,""y"":52.41635687732341,""width"":0.47573739295908657,""keypointlabels"":[""OTHER""],""original_width"":1024,""original_height"":512},{""x"":78.11338289962825,""y"":54.08921933085501,""width"":0.47573739295908657,""keypointlabels"":[""ADR""],""original_width"":1024,""original_height"":512},{""x"":75.88289962825277,""y"":57.06319702602231,""width"":0.47573739295908657,""keypointlabels"":[""ADR""],""original_width"":1024,""original_height"":512},{""x"":72.9089219330855,""y"":57.80669144981412,""width"":0.47573739295908657,""keypointlabels"":[""ADR""],""original_width"":1024,""original_height"":512},{""x"":72.25836431226766,""y"":54.27509293680297,""width"":0.47573739295908657,""keypointlabels"":[""OTHER""],""original_width"":1024,""original_height"":512},{""x"":74.02416356877323,""y"":55.390334572490694,""width"":0.47573739295908657,""keypointlabels"":[""OTHER""],""original_width"":1024,""original_height"":512},{""x"":71.42193308550185,""y"":51.115241635687724,""width"":0.47573739295908657,""keypointlabels"":[""OTHER""],""original_width"":1024,""original_height"":512},{""x"":74.67472118959108,""y"":50.92936802973978,""width"":0.47573739295908657,""keypointlabels"":[""OTHER""],""original_width"":1024,""original_height"":512},{""x"":75.7899628252788,""y"":49.07063197026022,""width"":0.47573739295908657,""keypointlabels"":[""OTHER""],""original_width"":1024,""original_height"":512},{""x"":77.9275092936803,""y"":48.513011152416354,""width"":0.47573739295908657,""keypointlabels"":[""OTHER""],""original_width"":1024,""original_height"":512},{""x"":76.06877323420073,""y"":46.09665427509293,""width"":0.47573739295908657,""keypointlabels"":[""OTHER""],""original_width"":1024,""original_height"":512},{""x"":76.06877323420073,""y"":42.93680297397769,""width"":0.47573739295908657,""keypointlabels"":[""ADR""],""original_width"":1024,""original_height"":512},{""x"":73.65241635687732,""y"":42.93680297397769,""width"":0.47573739295908657,""keypointlabels"":[""OTHER""],""original_width"":1024,""original_height"":512},{""x"":72.16542750929366,""y"":39.03345724907063,""width"":0.47573739295908657,""keypointlabels"":[""OTHER""],""original_width"":1024,""original_height"":512},{""x"":71.05018587360594,""y"":35.687732342007436,""width"":0.47573739295908657,""keypointlabels"":[""OTHER""],""original_width"":1024,""original_height"":512},{""x"":68.16914498141263,""y"":32.71375464684015,""width"":0.47573739295908657,""keypointlabels"":[""ADR""],""original_width"":1024,""original_height"":512},{""x"":64.91635687732341,""y"":31.412639405204455,""width"":0.47573739295908657,""keypointlabels"":[""ADR""],""original_width"":1024,""original_height"":512},{""x"":62.40706319702601,""y"":27.695167286245354,""width"":0.47573739295908657,""keypointlabels"":[""OTHER""],""original_width"":1024,""original_height"":512},{""x"":62.77881040892193,""y"":24.163568773234196,""width"":0.47573739295908657,""keypointlabels"":[""OTHER""],""original_width"":1024,""original_height"":512},{""x"":70.49256505576207,""y"":41.449814126394045,""width"":0.47573739295908657,""keypointlabels"":[""ADR""],""original_width"":1024,""original_height"":512},{""x"":69.28438661710037,""y"":45.353159851301115,""width"":0.47573739295908657,""keypointlabels"":[""ADR""],""original_width"":1024,""original_height"":512},{""x"":70.67843866171003,""y"":46.840148698884754,""width"":0.47573739295908657,""keypointlabels"":[""ADR""],""original_width"":1024,""original_height"":512},{""x"":69.56319702602231,""y"":48.884758364312255,""width"":0.47573739295908657,""keypointlabels"":[""ADR""],""original_width"":1024,""original_height"":512},{""x"":67.70446096654274,""y"":49.25650557620818,""width"":0.47573739295908657,""keypointlabels"":[""ADR""],""original_width"":1024,""original_height"":512},{""x"":68.81970260223048,""y"":52.788104089219324,""width"":0.47573739295908657,""keypointlabels"":[""OTHER""],""original_width"":1024,""original_height"":512},{""x"":67.33271375464683,""y"":52.41635687732341,""width"":0.47573739295908657,""keypointlabels"":[""ADR""],""original_width"":1024,""original_height"":512},{""x"":66.12453531598513,""y"":49.999999999999986,""width"":0.47573739295908657,""keypointlabels"":[""ADR""],""original_width"":1024,""original_height"":512},{""x"":65.7527881040892,""y"":54.08921933085501,""width"":0.47573739295908657,""keypointlabels"":[""ADR""],""original_width"":1024,""original_height"":512},{""x"":63.89405204460966,""y"":51.6728624535316,""width"":0.47573739295908657,""keypointlabels"":[""ADR""],""original_width"":1024,""original_height"":512},{""x"":62.03531598513011,""y"":52.973977695167285,""width"":0.47573739295908657,""keypointlabels"":[""ADR""],""original_width"":1024,""original_height"":512},{""x"":62.499999999999986,""y"":56.13382899628252,""width"":0.47573739295908657,""keypointlabels"":[""ADR""],""original_width"":1024,""original_height"":512},{""x"":63.89405204460966,""y"":57.43494423791821,""width"":0.47573739295908657,""keypointlabels"":[""ADR""],""original_width"":1024,""original_height"":512},{""x"":61.10594795539033,""y"":55.018587360594786,""width"":0.47573739295908657,""keypointlabels"":[""ADR""],""original_width"":1024,""original_height"":512},{""x"":59.99070631970259,""y"":58.36431226765799,""width"":0.47573739295908657,""keypointlabels"":[""ADR""],""original_width"":1024,""original_height"":512},{""x"":59.61895910780669,""y"":52.60223048327136,""width"":0.47573739295908657,""keypointlabels"":[""ADR""],""original_width"":1024,""original_height"":512},{""x"":57.946096654275095,""y"":52.41635687732341,""width"":0.47573739295908657,""keypointlabels"":[""ADR""],""original_width"":1024,""original_height"":512},{""x"":63.98698884758364,""y"":61.89591078066914,""width"":0.47573739295908657,""keypointlabels"":[""ADR""],""original_width"":1024,""original_height"":512},{""x"":62.03531598513011,""y"":64.31226765799256,""width"":0.47573739295908657,""keypointlabels"":[""ADR""],""original_width"":1024,""original_height"":512},{""x"":59.80483271375464,""y"":64.31226765799256,""width"":0.47573739295908657,""keypointlabels"":[""OTHER""],""original_width"":1024,""original_height"":512},{""x"":56.36617100371747,""y"":62.639405204460964,""width"":0.47573739295908657,""keypointlabels"":[""OTHER""],""original_width"":1024,""original_height"":512},{""x"":57.38847583643122,""y"":57.99256505576207,""width"":0.47573739295908657,""keypointlabels"":[""OTHER""],""original_width"":1024,""original_height"":512},{""x"":55.25092936802973,""y"":71.56133828996282,""width"":0.47573739295908657,""keypointlabels"":[""OTHER""],""original_width"":1024,""original_height"":512},{""x"":56.27323420074348,""y"":76.2081784386617,""width"":0.47573739295908657,""keypointlabels"":[""OTHER""],""original_width"":1024,""original_height"":512},{""x"":57.574349442379166,""y"":70.817843866171,""width"":0.47573739295908657,""keypointlabels"":[""OTHER""],""original_width"":1024,""original_height"":512},{""x"":56.27323420074348,""y"":70.07434944237917,""width"":0.47573739295908657,""keypointlabels"":[""OTHER""],""original_width"":1024,""original_height"":512},{""x"":54.87918215613382,""y"":74.72118959107806,""width"":0.47573739295908657,""keypointlabels"":[""OTHER""],""original_width"":1024,""original_height"":512},{""x"":53.949814126394045,""y"":67.4721189591078,""width"":0.47573739295908657,""keypointlabels"":[""OTHER""],""original_width"":1024,""original_height"":512},{""x"":59.43308550185873,""y"":78.43866171003717,""width"":0.47573739295908657,""keypointlabels"":[""ADR""],""original_width"":1024,""original_height"":512},{""x"":57.10966542750929,""y"":78.81040892193307,""width"":0.47573739295908657,""keypointlabels"":[""ADR""],""original_width"":1024,""original_height"":512},{""x"":58.96840148698884,""y"":73.97769516728624,""width"":0.47573739295908657,""keypointlabels"":[""ADR""],""original_width"":1024,""original_height"":512},{""x"":58.96840148698884,""y"":68.95910780669143,""width"":0.47573739295908657,""keypointlabels"":[""ADR""],""original_width"":1024,""original_height"":512},{""x"":60.64126394052044,""y"":68.77323420074349,""width"":0.47573739295908657,""keypointlabels"":[""ADR""],""original_width"":1024,""original_height"":512},{""x"":54.69330855018587,""y"":80.11152416356876,""width"":0.47573739295908657,""keypointlabels"":[""ADR""],""original_width"":1024,""original_height"":512},{""x"":53.20631970260224,""y"":76.57992565055761,""width"":0.47573739295908657,""keypointlabels"":[""OTHER""],""original_width"":1024,""original_height"":512},{""x"":51.812267657992564,""y"":79.92565055762081,""width"":0.47573739295908657,""keypointlabels"":[""OTHER""],""original_width"":1024,""original_height"":512},{""x"":54.60037174721188,""y"":83.45724907063197,""width"":0.47573739295908657,""keypointlabels"":[""ADR""],""original_width"":1024,""original_height"":512},{""x"":53.39219330855018,""y"":82.15613382899627,""width"":0.47573739295908657,""keypointlabels"":[""ADR""],""original_width"":1024,""original_height"":512},{""x"":52.55576208178439,""y"":84.20074349442378,""width"":0.47573739295908657,""keypointlabels"":[""ADR""],""original_width"":1024,""original_height"":512},{""x"":53.7639405204461,""y"":85.50185873605946,""width"":0.47573739295908657,""keypointlabels"":[""ADR""],""original_width"":1024,""original_height"":512},{""x"":53.39219330855018,""y"":90.52044609665427,""width"":0.47573739295908657,""keypointlabels"":[""OTHER""],""original_width"":1024,""original_height"":512},{""x"":54.97211895910781,""y"":89.77695167286244,""width"":0.47573739295908657,""keypointlabels"":[""OTHER""],""original_width"":1024,""original_height"":512},{""x"":55.99442379182156,""y"":88.84758364312268,""width"":0.47573739295908657,""keypointlabels"":[""OTHER""],""original_width"":1024,""original_height"":512},{""x"":51.90520446096654,""y"":88.84758364312268,""width"":0.47573739295908657,""keypointlabels"":[""OTHER""],""original_width"":1024,""original_height"":512},{""x"":50.88289962825279,""y"":84.20074349442378,""width"":0.47573739295908657,""keypointlabels"":[""OTHER""],""original_width"":1024,""original_height"":512},{""x"":52.184014869888465,""y"":70.07434944237917,""width"":0.47573739295908657,""keypointlabels"":[""OTHER""],""original_width"":1024,""original_height"":512},{""x"":51.44052044609665,""y"":62.08178438661709,""width"":0.47573739295908657,""keypointlabels"":[""ADR""],""original_width"":1024,""original_height"":512},{""x"":54.04275092936802,""y"":62.26765799256504,""width"":0.47573739295908657,""keypointlabels"":[""ADR""],""original_width"":1024,""original_height"":512},{""x"":55.15799256505576,""y"":64.49814126394051,""width"":0.47573739295908657,""keypointlabels"":[""ADR""],""original_width"":1024,""original_height"":512},{""x"":53.20631970260224,""y"":58.921933085501855,""width"":0.47573739295908657,""keypointlabels"":[""ADR""],""original_width"":1024,""original_height"":512},{""x"":51.71933085501858,""y"":57.99256505576207,""width"":0.47573739295908657,""keypointlabels"":[""ADR""],""original_width"":1024,""original_height"":512},{""x"":50.697026022304826,""y"":55.390334572490694,""width"":0.47573739295908657,""keypointlabels"":[""ADR""],""original_width"":1024,""original_height"":512},{""x"":56.18029739776952,""y"":57.80669144981412,""width"":0.47573739295908657,""keypointlabels"":[""ADR""],""original_width"":1024,""original_height"":512},{""x"":54.414498141263934,""y"":55.390334572490694,""width"":0.47573739295908657,""keypointlabels"":[""ADR""],""original_width"":1024,""original_height"":512},{""x"":56.36617100371747,""y"":65.7992565055762,""width"":0.47573739295908657,""keypointlabels"":[""ADR""],""original_width"":1024,""original_height"":512},{""x"":52.184014869888465,""y"":52.60223048327136,""width"":0.47573739295908657,""keypointlabels"":[""OTHER""],""original_width"":1024,""original_height"":512},{""x"":54.135687732342,""y"":51.48698884758364,""width"":0.47573739295908657,""keypointlabels"":[""ADR""],""original_width"":1024,""original_height"":512},{""x"":57.76022304832714,""y"":41.449814126394045,""width"":0.47573739295908657,""keypointlabels"":[""OTHER""],""original_width"":1024,""original_height"":512},{""x"":56.18029739776952,""y"":40.14869888475836,""width"":0.47573739295908657,""keypointlabels"":[""OTHER""],""original_width"":1024,""original_height"":512},{""x"":55.06505576208178,""y"":33.64312267657992,""width"":0.47573739295908657,""keypointlabels"":[""OTHER""],""original_width"":1024,""original_height"":512},{""x"":53.57806691449814,""y"":35.501858736059475,""width"":0.47573739295908657,""keypointlabels"":[""OTHER""],""original_width"":1024,""original_height"":512},{""x"":54.22862453531599,""y"":39.962825278810406,""width"":0.47573739295908657,""keypointlabels"":[""OTHER""],""original_width"":1024,""original_height"":512},{""x"":54.78624535315985,""y"":47.58364312267657,""width"":0.47573739295908657,""keypointlabels"":[""OTHER""],""original_width"":1024,""original_height"":512},{""x"":52.36988847583643,""y"":42.00743494423791,""width"":0.47573739295908657,""keypointlabels"":[""OTHER""],""original_width"":1024,""original_height"":512},{""x"":52.741635687732334,""y"":46.282527881040885,""width"":0.47573739295908657,""keypointlabels"":[""OTHER""],""original_width"":1024,""original_height"":512},{""x"":50.88289962825279,""y"":48.884758364312255,""width"":0.47573739295908657,""keypointlabels"":[""OTHER""],""original_width"":1024,""original_height"":512},{""x"":56.27323420074348,""y"":49.999999999999986,""width"":0.47573739295908657,""keypointlabels"":[""ADR""],""original_width"":1024,""original_height"":512},{""x"":50.51115241635687,""y"":43.49442379182155,""width"":0.47573739295908657,""keypointlabels"":[""OTHER""],""original_width"":1024,""original_height"":512},{""x"":51.347583643122675,""y"":39.21933085501858,""width"":0.47573739295908657,""keypointlabels"":[""OTHER""],""original_width"":1024,""original_height"":512},{""x"":50.51115241635687,""y"":33.828996282527875,""width"":0.47573739295908657,""keypointlabels"":[""ADR""],""original_width"":1024,""original_height"":512},{""x"":52.55576208178439,""y"":34.014869888475836,""width"":0.47573739295908657,""keypointlabels"":[""ADR""],""original_width"":1024,""original_height"":512},{""x"":52.927509293680295,""y"":31.040892193308544,""width"":0.47573739295908657,""keypointlabels"":[""ADR""],""original_width"":1024,""original_height"":512},{""x"":54.60037174721188,""y"":30.483271375464682,""width"":0.47573739295908657,""keypointlabels"":[""ADR""],""original_width"":1024,""original_height"":512},{""x"":53.949814126394045,""y"":27.881040892193308,""width"":0.47573739295908657,""keypointlabels"":[""ADR""],""original_width"":1024,""original_height"":512},{""x"":56.36617100371747,""y"":25.27881040892193,""width"":0.47573739295908657,""keypointlabels"":[""ADR""],""original_width"":1024,""original_height"":512},{""x"":60.362453531598504,""y"":31.784386617100367,""width"":0.47573739295908657,""keypointlabels"":[""ADR""],""original_width"":1024,""original_height"":512},{""x"":58.13197026022304,""y"":33.45724907063197,""width"":0.47573739295908657,""keypointlabels"":[""ADR""],""original_width"":1024,""original_height"":512},{""x"":57.38847583643122,""y"":30.85501858736059,""width"":0.47573739295908657,""keypointlabels"":[""ADR""],""original_width"":1024,""original_height"":512},{""x"":58.875464684014865,""y"":37.91821561338289,""width"":0.47573739295908657,""keypointlabels"":[""ADR""],""original_width"":1024,""original_height"":512},{""x"":59.711895910780655,""y"":47.58364312267657,""width"":0.47573739295908657,""keypointlabels"":[""ADR""],""original_width"":1024,""original_height"":512},{""x"":60.08364312267658,""y"":41.26394052044609,""width"":0.47573739295908657,""keypointlabels"":[""ADR""],""original_width"":1024,""original_height"":512},{""x"":61.570631970260216,""y"":50.371747211895915,""width"":0.47573739295908657,""keypointlabels"":[""OTHER""],""original_width"":1024,""original_height"":512},{""x"":60.92007434944237,""y"":38.661710037174714,""width"":0.47573739295908657,""keypointlabels"":[""ADR""],""original_width"":1024,""original_height"":512},{""x"":62.871747211895915,""y"":37.17472118959107,""width"":0.47573739295908657,""keypointlabels"":[""ADR""],""original_width"":1024,""original_height"":512},{""x"":62.12825278810408,""y"":33.27137546468401,""width"":0.47573739295908657,""keypointlabels"":[""OTHER""],""original_width"":1024,""original_height"":512},{""x"":59.89776951672863,""y"":34.572490706319705,""width"":0.47573739295908657,""keypointlabels"":[""OTHER""],""original_width"":1024,""original_height"":512},{""x"":50.32527881040891,""y"":27.137546468401485,""width"":0.47573739295908657,""keypointlabels"":[""OTHER""],""original_width"":1024,""original_height"":512}]",265.128,"2025-04-13T11:29:37.682358Z"
165,"1","2025-04-13T11:32:44.541775Z",247,"/data/upload/5/79d3e37f-image_25_D35.png","[{""x"":62.68587360594795,""y"":18.40148698884758,""width"":0.47573739295908657,""keypointlabels"":[""MES""],""original_width"":1024,""original_height"":512},{""x"":62.59293680297397,""y"":32.52788104089219,""width"":0.47573739295908657,""keypointlabels"":[""MES""],""original_width"":1024,""original_height"":512},{""x"":65.28810408921932,""y"":48.32713754646839,""width"":0.47573739295908657,""keypointlabels"":[""MES""],""original_width"":1024,""original_height"":512},{""x"":60.548327137546465,""y"":46.6542750929368,""width"":0.47573739295908657,""keypointlabels"":[""MES""],""original_width"":1024,""original_height"":512},{""x"":67.70446096654274,""y"":66.54275092936801,""width"":0.47573739295908657,""keypointlabels"":[""MES""],""original_width"":1024,""original_height"":512},{""x"":54.97211895910781,""y"":66.54275092936801,""width"":0.47573739295908657,""keypointlabels"":[""MES""],""original_width"":1024,""original_height"":512},{""x"":57.10966542750929,""y"":55.94795539033457,""width"":0.47573739295908657,""keypointlabels"":[""OTHER""],""original_width"":1024,""original_height"":512},{""x"":76.90520446096653,""y"":94.60966542750928,""width"":0.47573739295908657,""keypointlabels"":[""MES""],""original_width"":1024,""original_height"":512},{""x"":76.44052044609666,""y"":87.91821561338288,""width"":0.47573739295908657,""keypointlabels"":[""MES""],""original_width"":1024,""original_height"":512},{""x"":82.48141263940519,""y"":77.8810408921933,""width"":0.47573739295908657,""keypointlabels"":[""MES""],""original_width"":1024,""original_height"":512},{""x"":90.28810408921932,""y"":58.55018587360594,""width"":0.47573739295908657,""keypointlabels"":[""OTHER""],""original_width"":1024,""original_height"":512},{""x"":94.84200743494424,""y"":30.11152416356877,""width"":0.47573739295908657,""keypointlabels"":[""MES""],""original_width"":1024,""original_height"":512},{""x"":92.42565055762081,""y"":27.137546468401485,""width"":0.47573739295908657,""keypointlabels"":[""OTHER""],""original_width"":1024,""original_height"":512},{""x"":92.42565055762081,""y"":59.293680297397756,""width"":0.47573739295908657,""keypointlabels"":[""OTHER""],""original_width"":1024,""original_height"":512},{""x"":87.8717472118959,""y"":59.665427509293664,""width"":0.47573739295908657,""keypointlabels"":[""OTHER""],""original_width"":1024,""original_height"":512},{""x"":87.40706319702602,""y"":55.762081784386616,""width"":0.47573739295908657,""keypointlabels"":[""OTHER""],""original_width"":1024,""original_height"":512},{""x"":86.01301115241635,""y"":59.665427509293664,""width"":0.47573739295908657,""keypointlabels"":[""OTHER""],""original_width"":1024,""original_height"":512},{""x"":78.48513011152416,""y"":57.249070631970255,""width"":0.47573739295908657,""keypointlabels"":[""OTHER""],""original_width"":1024,""original_height"":512},{""x"":87.77881040892193,""y"":48.69888475836431,""width"":0.47573739295908657,""keypointlabels"":[""OTHER""],""original_width"":1024,""original_height"":512},{""x"":90.28810408921932,""y"":48.32713754646839,""width"":0.47573739295908657,""keypointlabels"":[""OTHER""],""original_width"":1024,""original_height"":512},{""x"":84.61895910780669,""y"":51.30111524163568,""width"":0.47573739295908657,""keypointlabels"":[""ADR""],""original_width"":1024,""original_height"":512},{""x"":85.92007434944236,""y"":50.371747211895915,""width"":0.47573739295908657,""keypointlabels"":[""ADR""],""original_width"":1024,""original_height"":512},{""x"":85.82713754646839,""y"":54.460966542750924,""width"":0.47573739295908657,""keypointlabels"":[""ADR""],""original_width"":1024,""original_height"":512},{""x"":82.66728624535315,""y"":54.460966542750924,""width"":0.47573739295908657,""keypointlabels"":[""ADR""],""original_width"":1024,""original_height"":512},{""x"":88.42936802973978,""y"":52.23048327137546,""width"":0.47573739295908657,""keypointlabels"":[""ADR""],""original_width"":1024,""original_height"":512},{""x"":88.05762081784387,""y"":44.609665427509285,""width"":0.47573739295908657,""keypointlabels"":[""ADR""],""original_width"":1024,""original_height"":512},{""x"":91.40334572490706,""y"":51.115241635687724,""width"":0.47573739295908657,""keypointlabels"":[""ADR""],""original_width"":1024,""original_height"":512},{""x"":90.8457249070632,""y"":53.53159851301115,""width"":0.47573739295908657,""keypointlabels"":[""ADR""],""original_width"":1024,""original_height"":512},{""x"":76.99814126394051,""y"":68.21561338289962,""width"":0.47573739295908657,""keypointlabels"":[""ADR""],""original_width"":1024,""original_height"":512},{""x"":76.06877323420073,""y"":71.00371747211895,""width"":0.47573739295908657,""keypointlabels"":[""ADR""],""original_width"":1024,""original_height"":512},{""x"":75.69702602230483,""y"":74.72118959107806,""width"":0.47573739295908657,""keypointlabels"":[""ADR""],""original_width"":1024,""original_height"":512},{""x"":76.71933085501857,""y"":75.83643122676578,""width"":0.47573739295908657,""keypointlabels"":[""ADR""],""original_width"":1024,""original_height"":512},{""x"":75.04646840148698,""y"":77.69516728624535,""width"":0.47573739295908657,""keypointlabels"":[""ADR""],""original_width"":1024,""original_height"":512},{""x"":73.46654275092935,""y"":78.06691449814126,""width"":0.47573739295908657,""keypointlabels"":[""ADR""],""original_width"":1024,""original_height"":512},{""x"":72.9089219330855,""y"":87.36059479553903,""width"":0.47573739295908657,""keypointlabels"":[""ADR""],""original_width"":1024,""original_height"":512},{""x"":78.11338289962825,""y"":84.9442379182156,""width"":0.47573739295908657,""keypointlabels"":[""ADR""],""original_width"":1024,""original_height"":512},{""x"":80.34386617100371,""y"":80.85501858736059,""width"":0.47573739295908657,""keypointlabels"":[""ADR""],""original_width"":1024,""original_height"":512},{""x"":78.39219330855018,""y"":81.97026022304831,""width"":0.47573739295908657,""keypointlabels"":[""OTHER""],""original_width"":1024,""original_height"":512},{""x"":58.96840148698884,""y"":69.5167286245353,""width"":0.47573739295908657,""keypointlabels"":[""OTHER""],""original_width"":1024,""original_height"":512},{""x"":64.82342007434944,""y"":60.22304832713754,""width"":0.47573739295908657,""keypointlabels"":[""OTHER""],""original_width"":1024,""original_height"":512},{""x"":56.6449814126394,""y"":61.33828996282528,""width"":0.47573739295908657,""keypointlabels"":[""OTHER""],""original_width"":1024,""original_height"":512},{""x"":51.2546468401487,""y"":58.921933085501855,""width"":0.47573739295908657,""keypointlabels"":[""ADR""],""original_width"":1024,""original_height"":512},{""x"":52.927509293680295,""y"":63.01115241635687,""width"":0.47573739295908657,""keypointlabels"":[""ADR""],""original_width"":1024,""original_height"":512},{""x"":51.2546468401487,""y"":63.01115241635687,""width"":0.47573739295908657,""keypointlabels"":[""ADR""],""original_width"":1024,""original_height"":512},{""x"":65.10223048327136,""y"":23.420074349442377,""width"":0.47573739295908657,""keypointlabels"":[""OTHER""],""original_width"":1024,""original_height"":512},{""x"":63.05762081784386,""y"":25.8364312267658,""width"":0.47573739295908657,""keypointlabels"":[""OTHER""],""original_width"":1024,""original_height"":512},{""x"":65.19516728624535,""y"":35.687732342007436,""width"":0.47573739295908657,""keypointlabels"":[""OTHER""],""original_width"":1024,""original_height"":512},{""x"":66.96096654275092,""y"":34.386617100371744,""width"":0.47573739295908657,""keypointlabels"":[""OTHER""],""original_width"":1024,""original_height"":512},{""x"":64.45167286245352,""y"":28.438661710037174,""width"":0.47573739295908657,""keypointlabels"":[""OTHER""],""original_width"":1024,""original_height"":512},{""x"":72.25836431226766,""y"":41.449814126394045,""width"":0.47573739295908657,""keypointlabels"":[""ADR""],""original_width"":1024,""original_height"":512},{""x"":70.49256505576207,""y"":34.20074349442379,""width"":0.47573739295908657,""keypointlabels"":[""ADR""],""original_width"":1024,""original_height"":512},{""x"":71.97955390334572,""y"":32.52788104089219,""width"":0.47573739295908657,""keypointlabels"":[""ADR""],""original_width"":1024,""original_height"":512},{""x"":69.47026022304831,""y"":28.996282527881036,""width"":0.47573739295908657,""keypointlabels"":[""ADR""],""original_width"":1024,""original_height"":512},{""x"":71.51486988847583,""y"":29.182156133828997,""width"":0.47573739295908657,""keypointlabels"":[""ADR""],""original_width"":1024,""original_height"":512},{""x"":71.42193308550185,""y"":25.46468401486989,""width"":0.47573739295908657,""keypointlabels"":[""ADR""],""original_width"":1024,""original_height"":512},{""x"":67.8903345724907,""y"":24.34944237918215,""width"":0.47573739295908657,""keypointlabels"":[""ADR""],""original_width"":1024,""original_height"":512},{""x"":66.2174721189591,""y"":27.323420074349443,""width"":0.47573739295908657,""keypointlabels"":[""OTHER""],""original_width"":1024,""original_height"":512},{""x"":66.77509293680298,""y"":19.51672862453531,""width"":0.47573739295908657,""keypointlabels"":[""OTHER""],""original_width"":1024,""original_height"":512},{""x"":70.49256505576207,""y"":42.93680297397769,""width"":0.47573739295908657,""keypointlabels"":[""OTHER""],""original_width"":1024,""original_height"":512},{""x"":70.49256505576207,""y"":37.36059479553903,""width"":0.47573739295908657,""keypointlabels"":[""OTHER""],""original_width"":1024,""original_height"":512},{""x"":72.81598513011151,""y"":37.54646840148699,""width"":0.47573739295908657,""keypointlabels"":[""ADR""],""original_width"":1024,""original_height"":512},{""x"":74.39591078066914,""y"":34.386617100371744,""width"":0.47573739295908657,""keypointlabels"":[""OTHER""],""original_width"":1024,""original_height"":512},{""x"":74.1171003717472,""y"":38.289962825278806,""width"":0.47573739295908657,""keypointlabels"":[""ADR""],""original_width"":1024,""original_height"":512},{""x"":74.76765799256503,""y"":29.36802973977695,""width"":0.47573739295908657,""keypointlabels"":[""OTHER""],""original_width"":1024,""original_height"":512},{""x"":73.09479553903346,""y"":28.810408921933085,""width"":0.47573739295908657,""keypointlabels"":[""OTHER""],""original_width"":1024,""original_height"":512},{""x"":74.39591078066914,""y"":25.8364312267658,""width"":0.47573739295908657,""keypointlabels"":[""OTHER""],""original_width"":1024,""original_height"":512},{""x"":76.34758364312268,""y"":23.23420074349442,""width"":0.47573739295908657,""keypointlabels"":[""ADR""],""original_width"":1024,""original_height"":512},{""x"":76.90520446096653,""y"":19.51672862453531,""width"":0.47573739295908657,""keypointlabels"":[""ADR""],""original_width"":1024,""original_height"":512},{""x"":75.32527881040892,""y"":20.631970260223046,""width"":0.47573739295908657,""keypointlabels"":[""ADR""],""original_width"":1024,""original_height"":512},{""x"":78.48513011152416,""y"":24.34944237918215,""width"":0.47573739295908657,""keypointlabels"":[""ADR""],""original_width"":1024,""original_height"":512},{""x"":78.20631970260223,""y"":28.996282527881036,""width"":0.47573739295908657,""keypointlabels"":[""ADR""],""original_width"":1024,""original_height"":512},{""x"":76.81226765799256,""y"":30.66914498141264,""width"":0.47573739295908657,""keypointlabels"":[""OTHER""],""original_width"":1024,""original_height"":512},{""x"":79.50743494423791,""y"":30.85501858736059,""width"":0.47573739295908657,""keypointlabels"":[""OTHER""],""original_width"":1024,""original_height"":512},{""x"":81.83085501858734,""y"":29.925650557620813,""width"":0.47573739295908657,""keypointlabels"":[""OTHER""],""original_width"":1024,""original_height"":512},{""x"":81.45910780669143,""y"":26.95167286245353,""width"":0.47573739295908657,""keypointlabels"":[""ADR""],""original_width"":1024,""original_height"":512},{""x"":82.94609665427508,""y"":26.394052044609666,""width"":0.47573739295908657,""keypointlabels"":[""OTHER""],""original_width"":1024,""original_height"":512},{""x"":82.57434944237917,""y"":23.23420074349442,""width"":0.47573739295908657,""keypointlabels"":[""ADR""],""original_width"":1024,""original_height"":512},{""x"":79.50743494423791,""y"":21.93308550185873,""width"":0.47573739295908657,""keypointlabels"":[""ADR""],""original_width"":1024,""original_height"":512},{""x"":78.7639405204461,""y"":18.77323420074349,""width"":0.47573739295908657,""keypointlabels"":[""ADR""],""original_width"":1024,""original_height"":512},{""x"":86.84944237918214,""y"":15.98513011152416,""width"":0.47573739295908657,""keypointlabels"":[""OTHER""],""original_width"":1024,""original_height"":512},{""x"":88.52230483271374,""y"":13.56877323420074,""width"":0.47573739295908657,""keypointlabels"":[""OTHER""],""original_width"":1024,""original_height"":512},{""x"":90.19516728624535,""y"":16.171003717472114,""width"":0.47573739295908657,""keypointlabels"":[""OTHER""],""original_width"":1024,""original_height"":512},{""x"":89.1728624535316,""y"":11.152416356877321,""width"":0.47573739295908657,""keypointlabels"":[""OTHER""],""original_width"":1024,""original_height"":512},{""x"":90.28810408921932,""y"":9.479553903345725,""width"":0.47573739295908657,""keypointlabels"":[""OTHER""],""original_width"":1024,""original_height"":512},{""x"":87.59293680297398,""y"":7.806691449814126,""width"":0.47573739295908657,""keypointlabels"":[""OTHER""],""original_width"":1024,""original_height"":512},{""x"":91.68215613382898,""y"":10.78066914498141,""width"":0.47573739295908657,""keypointlabels"":[""OTHER""],""original_width"":1024,""original_height"":512},{""x"":91.49628252788102,""y"":14.684014869888474,""width"":0.47573739295908657,""keypointlabels"":[""OTHER""],""original_width"":1024,""original_height"":512},{""x"":91.68215613382898,""y"":18.40148698884758,""width"":0.47573739295908657,""keypointlabels"":[""OTHER""],""original_width"":1024,""original_height"":512},{""x"":93.63382899628252,""y"":4.4609665427509295,""width"":0.47573739295908657,""keypointlabels"":[""OTHER""],""original_width"":1024,""original_height"":512},{""x"":90.8457249070632,""y"":1.6728624535315983,""width"":0.47573739295908657,""keypointlabels"":[""OTHER""],""original_width"":1024,""original_height"":512},{""x"":90.65985130111522,""y"":4.6468401486988835,""width"":0.47573739295908657,""keypointlabels"":[""OTHER""],""original_width"":1024,""original_height"":512},{""x"":88.15055762081784,""y"":1.8587360594795537,""width"":0.47573739295908657,""keypointlabels"":[""OTHER""],""original_width"":1024,""original_height"":512},{""x"":93.26208178438661,""y"":17.657992565055757,""width"":0.47573739295908657,""keypointlabels"":[""ADR""],""original_width"":1024,""original_height"":512},{""x"":88.7081784386617,""y"":19.51672862453531,""width"":0.47573739295908657,""keypointlabels"":[""ADR""],""original_width"":1024,""original_height"":512},{""x"":88.52230483271374,""y"":21.747211895910777,""width"":0.47573739295908657,""keypointlabels"":[""ADR""],""original_width"":1024,""original_height"":512},{""x"":87.22118959107806,""y"":21.375464684014865,""width"":0.47573739295908657,""keypointlabels"":[""ADR""],""original_width"":1024,""original_height"":512},{""x"":86.38475836431225,""y"":24.34944237918215,""width"":0.47573739295908657,""keypointlabels"":[""ADR""],""original_width"":1024,""original_height"":512},{""x"":85.3624535315985,""y"":28.996282527881036,""width"":0.47573739295908657,""keypointlabels"":[""OTHER""],""original_width"":1024,""original_height"":512},{""x"":88.7081784386617,""y"":29.925650557620813,""width"":0.47573739295908657,""keypointlabels"":[""OTHER""],""original_width"":1024,""original_height"":512},{""x"":87.0353159851301,""y"":31.412639405204455,""width"":0.47573739295908657,""keypointlabels"":[""OTHER""],""original_width"":1024,""original_height"":512},{""x"":90.19516728624535,""y"":29.182156133828997,""width"":0.47573739295908657,""keypointlabels"":[""OTHER""],""original_width"":1024,""original_height"":512},{""x"":84.89776951672862,""y"":23.420074349442377,""width"":0.47573739295908657,""keypointlabels"":[""OTHER""],""original_width"":1024,""original_height"":512},{""x"":81.83085501858734,""y"":20.074349442379177,""width"":0.47573739295908657,""keypointlabels"":[""OTHER""],""original_width"":1024,""original_height"":512},{""x"":83.87546468401487,""y"":19.51672862453531,""width"":0.47573739295908657,""keypointlabels"":[""ADR""],""original_width"":1024,""original_height"":512},{""x"":85.82713754646839,""y"":19.330855018587357,""width"":0.47573739295908657,""keypointlabels"":[""ADR""],""original_width"":1024,""original_height"":512},{""x"":84.71189591078065,""y"":16.72862453531598,""width"":0.47573739295908657,""keypointlabels"":[""ADR""],""original_width"":1024,""original_height"":512},{""x"":82.0167286245353,""y"":16.542750929368026,""width"":0.47573739295908657,""keypointlabels"":[""ADR""],""original_width"":1024,""original_height"":512},{""x"":83.68959107806691,""y"":12.081784386617098,""width"":0.47573739295908657,""keypointlabels"":[""ADR""],""original_width"":1024,""original_height"":512},{""x"":81.45910780669143,""y"":13.382899628252787,""width"":0.47573739295908657,""keypointlabels"":[""ADR""],""original_width"":1024,""original_height"":512},{""x"":79.04275092936801,""y"":15.61338289962825,""width"":0.47573739295908657,""keypointlabels"":[""ADR""],""original_width"":1024,""original_height"":512},{""x"":77.83457249070631,""y"":16.356877323420072,""width"":0.47573739295908657,""keypointlabels"":[""ADR""],""original_width"":1024,""original_height"":512},{""x"":78.57806691449814,""y"":9.665427509293679,""width"":0.47573739295908657,""keypointlabels"":[""OTHER""],""original_width"":1024,""original_height"":512},{""x"":77.09107806691449,""y"":9.665427509293679,""width"":0.47573739295908657,""keypointlabels"":[""ADR""],""original_width"":1024,""original_height"":512},{""x"":77.27695167286245,""y"":13.940520446096652,""width"":0.47573739295908657,""keypointlabels"":[""OTHER""],""original_width"":1024,""original_height"":512},{""x"":75.41821561338288,""y"":11.338289962825279,""width"":0.47573739295908657,""keypointlabels"":[""OTHER""],""original_width"":1024,""original_height"":512},{""x"":77.27695167286245,""y"":5.018587360594794,""width"":0.47573739295908657,""keypointlabels"":[""ADR""],""original_width"":1024,""original_height"":512},{""x"":75.69702602230483,""y"":5.390334572490706,""width"":0.47573739295908657,""keypointlabels"":[""ADR""],""original_width"":1024,""original_height"":512},{""x"":79.87918215613382,""y"":6.505576208178438,""width"":0.47573739295908657,""keypointlabels"":[""OTHER""],""original_width"":1024,""original_height"":512},{""x"":82.10966542750928,""y"":8.736059479553901,""width"":0.47573739295908657,""keypointlabels"":[""OTHER""],""original_width"":1024,""original_height"":512},{""x"":80.99442379182155,""y"":3.3457249070631967,""width"":0.47573739295908657,""keypointlabels"":[""ADR""],""original_width"":1024,""original_height"":512},{""x"":82.94609665427508,""y"":4.275092936802974,""width"":0.47573739295908657,""keypointlabels"":[""ADR""],""original_width"":1024,""original_height"":512},{""x"":84.43308550185871,""y"":6.133828996282528,""width"":0.47573739295908657,""keypointlabels"":[""OTHER""],""original_width"":1024,""original_height"":512},{""x"":85.64126394052045,""y"":6.133828996282528,""width"":0.47573739295908657,""keypointlabels"":[""OTHER""],""original_width"":1024,""original_height"":512},{""x"":85.45539033457248,""y"":10.223048327137546,""width"":0.47573739295908657,""keypointlabels"":[""OTHER""],""original_width"":1024,""original_height"":512},{""x"":94.93494423791819,""y"":8.178438661710038,""width"":0.47573739295908657,""keypointlabels"":[""ADR""],""original_width"":1024,""original_height"":512},{""x"":96.42193308550185,""y"":3.531598513011152,""width"":0.47573739295908657,""keypointlabels"":[""ADR""],""original_width"":1024,""original_height"":512},{""x"":93.7267657992565,""y"":35.87360594795538,""width"":0.47573739295908657,""keypointlabels"":[""OTHER""],""original_width"":1024,""original_height"":512},{""x"":90.93866171003717,""y"":42.93680297397769,""width"":0.47573739295908657,""keypointlabels"":[""ADR""],""original_width"":1024,""original_height"":512}]",182.218,"2025-04-13T11:32:44.541810Z"
166,"1","2025-04-13T11:34:47.739544Z",248,"/data/upload/5/6ab7d4f9-image_26_D35.png","[{""x"":65.3810408921933,""y"":18.959107806691446,""width"":0.47573739295908657,""keypointlabels"":[""MES""],""original_width"":1024,""original_height"":512},{""x"":55.15799256505576,""y"":13.56877323420074,""width"":0.47573739295908657,""keypointlabels"":[""MES""],""original_width"":1024,""original_height"":512},{""x"":56.73791821561337,""y"":31.040892193308544,""width"":0.47573739295908657,""keypointlabels"":[""MES""],""original_width"":1024,""original_height"":512},{""x"":61.942379182156124,""y"":53.90334572490706,""width"":0.47573739295908657,""keypointlabels"":[""OTHER""],""original_width"":1024,""original_height"":512},{""x"":70.771375464684,""y"":65.4275092936803,""width"":0.47573739295908657,""keypointlabels"":[""MES""],""original_width"":1024,""original_height"":512},{""x"":67.33271375464683,""y"":82.15613382899627,""width"":0.47573739295908657,""keypointlabels"":[""MES""],""original_width"":1024,""original_height"":512},{""x"":67.42565055762083,""y"":96.65427509293679,""width"":0.47573739295908657,""keypointlabels"":[""MES""],""original_width"":1024,""original_height"":512},{""x"":77.9275092936803,""y"":64.68401486988846,""width"":0.47573739295908657,""keypointlabels"":[""MES""],""original_width"":1024,""original_height"":512},{""x"":85.64126394052045,""y"":65.7992565055762,""width"":0.47573739295908657,""keypointlabels"":[""MES""],""original_width"":1024,""original_height"":512},{""x"":78.39219330855018,""y"":83.271375464684,""width"":0.47573739295908657,""keypointlabels"":[""MES""],""original_width"":1024,""original_height"":512},{""x"":78.6710037174721,""y"":26.208178438661704,""width"":0.47573739295908657,""keypointlabels"":[""MES""],""original_width"":1024,""original_height"":512},{""x"":86.57063197026021,""y"":24.907063197026016,""width"":0.47573739295908657,""keypointlabels"":[""MES""],""original_width"":1024,""original_height"":512},{""x"":94.00557620817843,""y"":28.06691449814126,""width"":0.47573739295908657,""keypointlabels"":[""MES""],""original_width"":1024,""original_height"":512},{""x"":95.67843866171003,""y"":4.6468401486988835,""width"":0.47573739295908657,""keypointlabels"":[""OTHER""],""original_width"":1024,""original_height"":512},{""x"":96.97955390334572,""y"":4.6468401486988835,""width"":0.47573739295908657,""keypointlabels"":[""OTHER""],""original_width"":1024,""original_height"":512},{""x"":72.81598513011151,""y"":14.684014869888474,""width"":0.47573739295908657,""keypointlabels"":[""OTHER""],""original_width"":1024,""original_height"":512},{""x"":84.61895910780669,""y"":37.91821561338289,""width"":0.47573739295908657,""keypointlabels"":[""OTHER""],""original_width"":1024,""original_height"":512},{""x"":64.91635687732341,""y"":51.48698884758364,""width"":0.47573739295908657,""keypointlabels"":[""OTHER""],""original_width"":1024,""original_height"":512},{""x"":69.0985130111524,""y"":55.20446096654275,""width"":0.47573739295908657,""keypointlabels"":[""OTHER""],""original_width"":1024,""original_height"":512},{""x"":71.42193308550185,""y"":52.23048327137546,""width"":0.47573739295908657,""keypointlabels"":[""OTHER""],""original_width"":1024,""original_height"":512},{""x"":73.93122676579925,""y"":51.85873605947955,""width"":0.47573739295908657,""keypointlabels"":[""OTHER""],""original_width"":1024,""original_height"":512},{""x"":85.64126394052045,""y"":49.628252788104085,""width"":0.47573739295908657,""keypointlabels"":[""OTHER""],""original_width"":1024,""original_height"":512},{""x"":86.57063197026021,""y"":52.23048327137546,""width"":0.47573739295908657,""keypointlabels"":[""OTHER""],""original_width"":1024,""original_height"":512},{""x"":88.15055762081784,""y"":53.53159851301115,""width"":0.47573739295908657,""keypointlabels"":[""OTHER""],""original_width"":1024,""original_height"":512},{""x"":90.56691449814126,""y"":56.31970260223048,""width"":0.47573739295908657,""keypointlabels"":[""ADR""],""original_width"":1024,""original_height"":512},{""x"":91.2174721189591,""y"":54.27509293680297,""width"":0.47573739295908657,""keypointlabels"":[""ADR""],""original_width"":1024,""original_height"":512},{""x"":90.7527881040892,""y"":50.92936802973978,""width"":0.47573739295908657,""keypointlabels"":[""ADR""],""original_width"":1024,""original_height"":512},{""x"":88.24349442379182,""y"":50.92936802973978,""width"":0.47573739295908657,""keypointlabels"":[""ADR""],""original_width"":1024,""original_height"":512},{""x"":90.7527881040892,""y"":47.58364312267657,""width"":0.47573739295908657,""keypointlabels"":[""ADR""],""original_width"":1024,""original_height"":512},{""x"":94.5631970260223,""y"":43.680297397769515,""width"":0.47573739295908657,""keypointlabels"":[""OTHER""],""original_width"":1024,""original_height"":512},{""x"":93.44795539033456,""y"":47.02602230483271,""width"":0.47573739295908657,""keypointlabels"":[""OTHER""],""original_width"":1024,""original_height"":512},{""x"":94.37732342007433,""y"":49.25650557620818,""width"":0.47573739295908657,""keypointlabels"":[""OTHER""],""original_width"":1024,""original_height"":512},{""x"":92.51858736059478,""y"":49.07063197026022,""width"":0.47573739295908657,""keypointlabels"":[""OTHER""],""original_width"":1024,""original_height"":512},{""x"":92.33271375464683,""y"":35.87360594795538,""width"":0.47573739295908657,""keypointlabels"":[""OTHER""],""original_width"":1024,""original_height"":512},{""x"":91.58921933085502,""y"":39.21933085501858,""width"":0.47573739295908657,""keypointlabels"":[""OTHER""],""original_width"":1024,""original_height"":512},{""x"":90.00929368029739,""y"":43.680297397769515,""width"":0.47573739295908657,""keypointlabels"":[""OTHER""],""original_width"":1024,""original_height"":512},{""x"":94.93494423791819,""y"":52.973977695167285,""width"":0.47573739295908657,""keypointlabels"":[""OTHER""],""original_width"":1024,""original_height"":512},{""x"":93.35501858736059,""y"":55.018587360594786,""width"":0.47573739295908657,""keypointlabels"":[""ADR""],""original_width"":1024,""original_height"":512},{""x"":94.65613382899627,""y"":56.69144981412638,""width"":0.47573739295908657,""keypointlabels"":[""ADR""],""original_width"":1024,""original_height"":512},{""x"":95.39962825278809,""y"":60.96654275092936,""width"":0.47573739295908657,""keypointlabels"":[""OTHER""],""original_width"":1024,""original_height"":512},{""x"":96.88661710037174,""y"":66.35687732342006,""width"":0.47573739295908657,""keypointlabels"":[""ADR""],""original_width"":1024,""original_height"":512},{""x"":98.09479553903346,""y"":64.1263940520446,""width"":0.47573739295908657,""keypointlabels"":[""ADR""],""original_width"":1024,""original_height"":512},{""x"":97.35130111524161,""y"":60.22304832713754,""width"":0.47573739295908657,""keypointlabels"":[""ADR""],""original_width"":1024,""original_height"":512},{""x"":96.14312267657992,""y"":56.13382899628252,""width"":0.47573739295908657,""keypointlabels"":[""ADR""],""original_width"":1024,""original_height"":512},{""x"":98.00185873605946,""y"":57.06319702602231,""width"":0.47573739295908657,""keypointlabels"":[""ADR""],""original_width"":1024,""original_height"":512},{""x"":98.00185873605946,""y"":52.973977695167285,""width"":0.47573739295908657,""keypointlabels"":[""ADR""],""original_width"":1024,""original_height"":512},{""x"":96.97955390334572,""y"":50.371747211895915,""width"":0.47573739295908657,""keypointlabels"":[""OTHER""],""original_width"":1024,""original_height"":512},{""x"":96.79368029739776,""y"":97.39776951672862,""width"":0.47573739295908657,""keypointlabels"":[""OTHER""],""original_width"":1024,""original_height"":512},{""x"":99.16356877323418,""y"":95.91078066914497,""width"":0.47573739295908657,""keypointlabels"":[""OTHER""],""original_width"":1024,""original_height"":512},{""x"":94.60966542750927,""y"":97.58364312267656,""width"":0.47573739295908657,""keypointlabels"":[""OTHER""],""original_width"":1024,""original_height"":512},{""x"":91.26394052044608,""y"":94.60966542750928,""width"":0.47573739295908657,""keypointlabels"":[""ADR""],""original_width"":1024,""original_height"":512},{""x"":87.08178438661707,""y"":94.42379182156134,""width"":0.47573739295908657,""keypointlabels"":[""ADR""],""original_width"":1024,""original_height"":512},{""x"":86.05947955390333,""y"":97.58364312267656,""width"":0.47573739295908657,""keypointlabels"":[""ADR""],""original_width"":1024,""original_height"":512},{""x"":89.40520446096653,""y"":97.58364312267656,""width"":0.47573739295908657,""keypointlabels"":[""OTHER""],""original_width"":1024,""original_height"":512},{""x"":89.4981412639405,""y"":94.42379182156134,""width"":0.47573739295908657,""keypointlabels"":[""OTHER""],""original_width"":1024,""original_height"":512},{""x"":84.1078066914498,""y"":98.14126394052045,""width"":0.47573739295908657,""keypointlabels"":[""ADR""],""original_width"":1024,""original_height"":512},{""x"":80.76208178438661,""y"":95.53903345724906,""width"":0.47573739295908657,""keypointlabels"":[""ADR""],""original_width"":1024,""original_height"":512},{""x"":79.92565055762081,""y"":92.00743494423791,""width"":0.47573739295908657,""keypointlabels"":[""ADR""],""original_width"":1024,""original_height"":512},{""x"":78.81040892193307,""y"":87.17472118959108,""width"":0.47573739295908657,""keypointlabels"":[""ADR""],""original_width"":1024,""original_height"":512},{""x"":78.2527881040892,""y"":89.77695167286244,""width"":0.47573739295908657,""keypointlabels"":[""ADR""],""original_width"":1024,""original_height"":512},{""x"":77.60223048327136,""y"":91.82156133828995,""width"":0.47573739295908657,""keypointlabels"":[""ADR""],""original_width"":1024,""original_height"":512},{""x"":79.27509293680296,""y"":94.42379182156134,""width"":0.47573739295908657,""keypointlabels"":[""ADR""],""original_width"":1024,""original_height"":512},{""x"":75.7434944237918,""y"":89.77695167286244,""width"":0.47573739295908657,""keypointlabels"":[""ADR""],""original_width"":1024,""original_height"":512},{""x"":73.97769516728623,""y"":88.10408921933085,""width"":0.47573739295908657,""keypointlabels"":[""ADR""],""original_width"":1024,""original_height"":512},{""x"":74.25650557620817,""y"":93.68029739776951,""width"":0.47573739295908657,""keypointlabels"":[""ADR""],""original_width"":1024,""original_height"":512},{""x"":74.16356877323419,""y"":98.14126394052045,""width"":0.47573739295908657,""keypointlabels"":[""OTHER""],""original_width"":1024,""original_height"":512},{""x"":76.39405204460965,""y"":93.3085501858736,""width"":0.47573739295908657,""keypointlabels"":[""OTHER""],""original_width"":1024,""original_height"":512},{""x"":78.43866171003717,""y"":98.69888475836429,""width"":0.47573739295908657,""keypointlabels"":[""OTHER""],""original_width"":1024,""original_height"":512},{""x"":76.02230483271374,""y"":98.69888475836429,""width"":0.47573739295908657,""keypointlabels"":[""OTHER""],""original_width"":1024,""original_height"":512},{""x"":80.2973977695167,""y"":99.4423791821561,""width"":0.47573739295908657,""keypointlabels"":[""OTHER""],""original_width"":1024,""original_height"":512},{""x"":98.60594795539032,""y"":15.799256505576203,""width"":0.47573739295908657,""keypointlabels"":[""OTHER""],""original_width"":1024,""original_height"":512},{""x"":98.69888475836429,""y"":11.895910780669142,""width"":0.47573739295908657,""keypointlabels"":[""OTHER""],""original_width"":1024,""original_height"":512},{""x"":81.69144981412639,""y"":27.881040892193305,""width"":0.47573739295908657,""keypointlabels"":[""OTHER""],""original_width"":1024,""original_height"":512}]",116.726,"2025-04-13T11:34:47.739578Z"
